filename,category,faction,prompt,model,path,status,error,cost_usd
units/cursor-scout-bot-01.png,units,cursor,"ORIGINAL premium isometric RTS game asset for mirmicode. Subject: scout bot (unit). Faction vibe: angular crystalline cyan-slate sharp facets. Three-quarter isometric camera, 30 degree elevation, facing lower-right, soft upper-left key light, crisp readable silhouette, single centered subject on 1024x1024 canvas, transparent PNG alpha background preferred, no franchise IP, no logos, no text, no watermark, production game art. Art direction: Dark slate beveled armor framing luminous cyan crystal shards, angular triangular negative spaces, articulated blade-like limbs; premium tactile painted metal and crystal, not neon line art. Entire unit fits within an 800 by 700 pixel region with a nominal bottom anchor at y=850; generous empty margins, no clipping. Orthographic three-quarter isometric, approximately 30 degrees elevation, clearly facing lower-right. Transparent alpha only if genuinely supported; otherwise perfectly flat solid #20242A background, no gradient, no floor, no scenery, no vignette, no cast shadow on background, no checkerboard. No text, logos or watermarks.",image-01,/Users/howard/output/mirmicode/rts-art-v2/units/cursor-scout-bot-01.png,failed,API image payload is not PNG,0.0035
units/cursor-scout-bot-01.png,units,cursor,"ORIGINAL premium isometric RTS game asset for mirmicode. Subject: scout bot (unit). Faction vibe: angular crystalline cyan-slate sharp facets. Three-quarter isometric camera, 30 degree elevation, facing lower-right, soft upper-left key light, crisp readable silhouette, single centered subject on 1024x1024 canvas, transparent PNG alpha background preferred, no franchise IP, no logos, no text, no watermark, production game art. Art direction: Dark slate beveled armor framing luminous cyan crystal shards, angular triangular negative spaces, articulated blade-like limbs; premium tactile painted metal and crystal, not neon line art. Entire unit fits within 800 by 700 pixels with nominal bottom anchor y=850; generous empty margins, no clipping. Orthographic three-quarter isometric, approximately 30 degrees elevation, clearly facing lower-right. Transparent alpha only if genuinely supported; otherwise perfectly flat solid #20242A background, no gradient, no floor, no scenery, no vignette, no background cast shadow, no checkerboard. No text, logos or watermarks.",image-01,/Users/howard/output/mirmicode/rts-art-v2/units/cursor-scout-bot-01.png,success,,0.0035
units/codex-scout-bot-01.png,units,codex,"ORIGINAL premium isometric RTS game asset for mirmicode. Subject: scout bot (unit). Faction vibe: organic biomorphic amber-green flowing leaf forms. Three-quarter isometric camera, 30 degree elevation, facing lower-right, soft upper-left key light, crisp readable silhouette, single centered subject on 1024x1024 canvas, transparent PNG alpha background preferred, no franchise IP, no logos, no text, no watermark, production game art. Art direction: Living olive and moss-green leaf armor, pale twisting woody roots and tendrils, warm luminous amber seed core; elegant biomorphic curves and subtle leaf veins, not a metal robot painted green. Entire unit fits within 800 by 700 pixels with nominal bottom anchor y=850; generous empty margins, no clipping. Orthographic three-quarter isometric, approximately 30 degrees elevation, clearly facing lower-right. Transparent alpha only if genuinely supported; otherwise perfectly flat solid #20242A background, no gradient, no floor, no scenery, no vignette, no background cast shadow, no checkerboard. No text, logos or watermarks.",image-01,/Users/howard/output/mirmicode/rts-art-v2/units/codex-scout-bot-01.png,success,,0.0035
units/ohmypi-scout-bot-01.png,units,ohmypi,"ORIGINAL premium isometric RTS game asset for mirmicode. Subject: scout bot (unit). Faction vibe: mechanical brass-orange steel servo industrial. Three-quarter isometric camera, 30 degree elevation, facing lower-right, soft upper-left key light, crisp readable silhouette, single centered subject on 1024x1024 canvas, transparent PNG alpha background preferred, no franchise IP, no logos, no text, no watermark, production game art. Art direction: Weathered brass, dark steel and restrained orange glow; chunky riveted shells, flywheel joints, visible pistons and servo mechanisms, sturdy industrial craftsmanship. Entire unit fits within 800 by 700 pixels with nominal bottom anchor y=850; generous empty margins, no clipping. Orthographic three-quarter isometric, approximately 30 degrees elevation, clearly facing lower-right. Transparent alpha only if genuinely supported; otherwise perfectly flat solid #20242A background, no gradient, no floor, no scenery, no vignette, no background cast shadow, no checkerboard. No text, logos or watermarks.",image-01,/Users/howard/output/mirmicode/rts-art-v2/units/ohmypi-scout-bot-01.png,success,,0.0035
units/neutral-scout-bot-01.png,units,neutral,"ORIGINAL premium isometric RTS game asset for mirmicode. Subject: scout bot (unit). Faction vibe: shared utility matte gray-teal no faction crest. Three-quarter isometric camera, 30 degree elevation, facing lower-right, soft upper-left key light, crisp readable silhouette, single centered subject on 1024x1024 canvas, transparent PNG alpha background preferred, no franchise IP, no logos, no text, no watermark, production game art. Art direction: Shared utilitarian matte gray-teal equipment, restrained metal materials, no faction crest or faction-specific crystal, foliage or brass ornament. Entire unit fits within 800 by 700 pixels with nominal bottom anchor y=850; generous empty margins, no clipping. Orthographic three-quarter isometric, approximately 30 degrees elevation, clearly facing lower-right. Transparent alpha only if genuinely supported; otherwise perfectly flat solid #20242A background, no gradient, no floor, no scenery, no vignette, no background cast shadow, no checkerboard. No text, logos or watermarks.",image-01,/Users/howard/output/mirmicode/rts-art-v2/units/neutral-scout-bot-01.png,success,,0.0035
units/cursor-worker-bot-02.png,units,cursor,"ORIGINAL premium isometric RTS game asset for mirmicode. Subject: worker bot (unit). Faction vibe: angular crystalline cyan-slate sharp facets. Three-quarter isometric camera, 30 degree elevation, facing lower-right, soft upper-left key light, crisp readable silhouette, single centered subject on 1024x1024 canvas, transparent PNG alpha background preferred, no franchise IP, no logos, no text, no watermark, production game art. Art direction: Dark slate beveled armor framing luminous cyan crystal shards, angular triangular negative spaces, articulated blade-like limbs; premium tactile painted metal and crystal, not neon line art. Entire unit fits within 800 by 700 pixels with nominal bottom anchor y=850; generous empty margins, no clipping. Orthographic three-quarter isometric, approximately 30 degrees elevation, clearly facing lower-right. Transparent alpha only if genuinely supported; otherwise perfectly flat solid #20242A background, no gradient, no floor, no scenery, no vignette, no background cast shadow, no checkerboard. No text, logos or watermarks.",image-01,/Users/howard/output/mirmicode/rts-art-v2/units/cursor-worker-bot-02.png,success,,0.0035
units/codex-worker-bot-02.png,units,codex,"ORIGINAL premium isometric RTS game asset for mirmicode. Subject: worker bot (unit). Faction vibe: organic biomorphic amber-green flowing leaf forms. Three-quarter isometric camera, 30 degree elevation, facing lower-right, soft upper-left key light, crisp readable silhouette, single centered subject on 1024x1024 canvas, transparent PNG alpha background preferred, no franchise IP, no logos, no text, no watermark, production game art. Art direction: Living olive and moss-green leaf armor, pale twisting woody roots and tendrils, warm luminous amber seed core; elegant biomorphic curves and subtle leaf veins, not a metal robot painted green. Entire unit fits within 800 by 700 pixels with nominal bottom anchor y=850; generous empty margins, no clipping. Orthographic three-quarter isometric, approximately 30 degrees elevation, clearly facing lower-right. Transparent alpha only if genuinely supported; otherwise perfectly flat solid #20242A background, no gradient, no floor, no scenery, no vignette, no background cast shadow, no checkerboard. No text, logos or watermarks.",image-01,/Users/howard/output/mirmicode/rts-art-v2/units/codex-worker-bot-02.png,success,,0.0035
units/ohmypi-worker-bot-02.png,units,ohmypi,"ORIGINAL premium isometric RTS game asset for mirmicode. Subject: worker bot (unit). Faction vibe: mechanical brass-orange steel servo industrial. Three-quarter isometric camera, 30 degree elevation, facing lower-right, soft upper-left key light, crisp readable silhouette, single centered subject on 1024x1024 canvas, transparent PNG alpha background preferred, no franchise IP, no logos, no text, no watermark, production game art. Art direction: Weathered brass, dark steel and restrained orange glow; chunky riveted shells, flywheel joints, visible pistons and servo mechanisms, sturdy industrial craftsmanship. Entire unit fits within 800 by 700 pixels with nominal bottom anchor y=850; generous empty margins, no clipping. Orthographic three-quarter isometric, approximately 30 degrees elevation, clearly facing lower-right. Transparent alpha only if genuinely supported; otherwise perfectly flat solid #20242A background, no gradient, no floor, no scenery, no vignette, no background cast shadow, no checkerboard. No text, logos or watermarks.",image-01,/Users/howard/output/mirmicode/rts-art-v2/units/ohmypi-worker-bot-02.png,success,,0.0035
units/neutral-worker-bot-02.png,units,neutral,"ORIGINAL premium isometric RTS game asset for mirmicode. Subject: worker bot (unit). Faction vibe: shared utility matte gray-teal no faction crest. Three-quarter isometric camera, 30 degree elevation, facing lower-right, soft upper-left key light, crisp readable silhouette, single centered subject on 1024x1024 canvas, transparent PNG alpha background preferred, no franchise IP, no logos, no text, no watermark, production game art. Art direction: Shared utilitarian matte gray-teal equipment, restrained metal materials, no faction crest or faction-specific crystal, foliage or brass ornament. Entire unit fits within 800 by 700 pixels with nominal bottom anchor y=850; generous empty margins, no clipping. Orthographic three-quarter isometric, approximately 30 degrees elevation, clearly facing lower-right. Transparent alpha only if genuinely supported; otherwise perfectly flat solid #20242A background, no gradient, no floor, no scenery, no vignette, no background cast shadow, no checkerboard. No text, logos or watermarks.",image-01,/Users/howard/output/mirmicode/rts-art-v2/units/neutral-worker-bot-02.png,success,,0.0035
units/cursor-mirmi-small-03.png,units,cursor,"ORIGINAL premium isometric RTS game asset for mirmicode. Subject: mirmi small (unit). Faction vibe: angular crystalline cyan-slate sharp facets. Three-quarter isometric camera, 30 degree elevation, facing lower-right, soft upper-left key light, crisp readable silhouette, single centered subject on 1024x1024 canvas, transparent PNG alpha background preferred, no franchise IP, no logos, no text, no watermark, production game art. Art direction: Dark slate beveled armor framing luminous cyan crystal shards, angular triangular negative spaces, articulated blade-like limbs; premium tactile painted metal and crystal, not neon line art. Entire unit fits within 800 by 700 pixels with nominal bottom anchor y=850; generous empty margins, no clipping. Orthographic three-quarter isometric, approximately 30 degrees elevation, clearly facing lower-right. Transparent alpha only if genuinely supported; otherwise perfectly flat solid #20242A background, no gradient, no floor, no scenery, no vignette, no background cast shadow, no checkerboard. No text, logos or watermarks.",image-01,/Users/howard/output/mirmicode/rts-art-v2/units/cursor-mirmi-small-03.png,success,,0.0035
units/codex-mirmi-small-03.png,units,codex,"ORIGINAL premium isometric RTS game asset for mirmicode. Subject: mirmi small (unit). Faction vibe: organic biomorphic amber-green flowing leaf forms. Three-quarter isometric camera, 30 degree elevation, facing lower-right, soft upper-left key light, crisp readable silhouette, single centered subject on 1024x1024 canvas, transparent PNG alpha background preferred, no franchise IP, no logos, no text, no watermark, production game art. Art direction: Living olive and moss-green leaf armor, pale twisting woody roots and tendrils, warm luminous amber seed core; elegant biomorphic curves and subtle leaf veins, not a metal robot painted green. Entire unit fits within 800 by 700 pixels with nominal bottom anchor y=850; generous empty margins, no clipping. Orthographic three-quarter isometric, approximately 30 degrees elevation, clearly facing lower-right. Transparent alpha only if genuinely supported; otherwise perfectly flat solid #20242A background, no gradient, no floor, no scenery, no vignette, no background cast shadow, no checkerboard. No text, logos or watermarks.",image-01,/Users/howard/output/mirmicode/rts-art-v2/units/codex-mirmi-small-03.png,success,,0.0035
units/ohmypi-mirmi-small-03.png,units,ohmypi,"ORIGINAL premium isometric RTS game asset for mirmicode. Subject: mirmi small (unit). Faction vibe: mechanical brass-orange steel servo industrial. Three-quarter isometric camera, 30 degree elevation, facing lower-right, soft upper-left key light, crisp readable silhouette, single centered subject on 1024x1024 canvas, transparent PNG alpha background preferred, no franchise IP, no logos, no text, no watermark, production game art. Art direction: Weathered brass, dark steel and restrained orange glow; chunky riveted shells, flywheel joints, visible pistons and servo mechanisms, sturdy industrial craftsmanship. Entire unit fits within 800 by 700 pixels with nominal bottom anchor y=850; generous empty margins, no clipping. Orthographic three-quarter isometric, approximately 30 degrees elevation, clearly facing lower-right. Transparent alpha only if genuinely supported; otherwise perfectly flat solid #20242A background, no gradient, no floor, no scenery, no vignette, no background cast shadow, no checkerboard. No text, logos or watermarks.",image-01,/Users/howard/output/mirmicode/rts-art-v2/units/ohmypi-mirmi-small-03.png,success,,0.0035
units/neutral-mirmi-small-03.png,units,neutral,"ORIGINAL premium isometric RTS game asset for mirmicode. Subject: mirmi small (unit). Faction vibe: shared utility matte gray-teal no faction crest. Three-quarter isometric camera, 30 degree elevation, facing lower-right, soft upper-left key light, crisp readable silhouette, single centered subject on 1024x1024 canvas, transparent PNG alpha background preferred, no franchise IP, no logos, no text, no watermark, production game art. Art direction: Shared utilitarian matte gray-teal equipment, restrained metal materials, no faction crest or faction-specific crystal, foliage or brass ornament. Entire unit fits within 800 by 700 pixels with nominal bottom anchor y=850; generous empty margins, no clipping. Orthographic three-quarter isometric, approximately 30 degrees elevation, clearly facing lower-right. Transparent alpha only if genuinely supported; otherwise perfectly flat solid #20242A background, no gradient, no floor, no scenery, no vignette, no background cast shadow, no checkerboard. No text, logos or watermarks.",image-01,/Users/howard/output/mirmicode/rts-art-v2/units/neutral-mirmi-small-03.png,success,,0.0035
units/cursor-mirmi-armed-04.png,units,cursor,"ORIGINAL premium isometric RTS game asset for mirmicode. Subject: mirmi armed (unit). Faction vibe: angular crystalline cyan-slate sharp facets. Three-quarter isometric camera, 30 degree elevation, facing lower-right, soft upper-left key light, crisp readable silhouette, single centered subject on 1024x1024 canvas, transparent PNG alpha background preferred, no franchise IP, no logos, no text, no watermark, production game art. Art direction: Dark slate beveled armor framing luminous cyan crystal shards, angular triangular negative spaces, articulated blade-like limbs; premium tactile painted metal and crystal, not neon line art. Entire unit fits within 800 by 700 pixels with nominal bottom anchor y=850; generous empty margins, no clipping. Orthographic three-quarter isometric, approximately 30 degrees elevation, clearly facing lower-right. Transparent alpha only if genuinely supported; otherwise perfectly flat solid #20242A background, no gradient, no floor, no scenery, no vignette, no background cast shadow, no checkerboard. No text, logos or watermarks.",image-01,/Users/howard/output/mirmicode/rts-art-v2/units/cursor-mirmi-armed-04.png,success,,0.0035
units/codex-mirmi-armed-04.png,units,codex,"ORIGINAL premium isometric RTS game asset for mirmicode. Subject: mirmi armed (unit). Faction vibe: organic biomorphic amber-green flowing leaf forms. Three-quarter isometric camera, 30 degree elevation, facing lower-right, soft upper-left key light, crisp readable silhouette, single centered subject on 1024x1024 canvas, transparent PNG alpha background preferred, no franchise IP, no logos, no text, no watermark, production game art. Art direction: Living olive and moss-green leaf armor, pale twisting woody roots and tendrils, warm luminous amber seed core; elegant biomorphic curves and subtle leaf veins, not a metal robot painted green. Entire unit fits within 800 by 700 pixels with nominal bottom anchor y=850; generous empty margins, no clipping. Orthographic three-quarter isometric, approximately 30 degrees elevation, clearly facing lower-right. Transparent alpha only if genuinely supported; otherwise perfectly flat solid #20242A background, no gradient, no floor, no scenery, no vignette, no background cast shadow, no checkerboard. No text, logos or watermarks.",image-01,/Users/howard/output/mirmicode/rts-art-v2/units/codex-mirmi-armed-04.png,success,,0.0035
units/ohmypi-mirmi-armed-04.png,units,ohmypi,"ORIGINAL premium isometric RTS game asset for mirmicode. Subject: mirmi armed (unit). Faction vibe: mechanical brass-orange steel servo industrial. Three-quarter isometric camera, 30 degree elevation, facing lower-right, soft upper-left key light, crisp readable silhouette, single centered subject on 1024x1024 canvas, transparent PNG alpha background preferred, no franchise IP, no logos, no text, no watermark, production game art. Art direction: Weathered brass, dark steel and restrained orange glow; chunky riveted shells, flywheel joints, visible pistons and servo mechanisms, sturdy industrial craftsmanship. Entire unit fits within 800 by 700 pixels with nominal bottom anchor y=850; generous empty margins, no clipping. Orthographic three-quarter isometric, approximately 30 degrees elevation, clearly facing lower-right. Transparent alpha only if genuinely supported; otherwise perfectly flat solid #20242A background, no gradient, no floor, no scenery, no vignette, no background cast shadow, no checkerboard. No text, logos or watermarks.",image-01,/Users/howard/output/mirmicode/rts-art-v2/units/ohmypi-mirmi-armed-04.png,success,,0.0035
units/neutral-mirmi-armed-04.png,units,neutral,"ORIGINAL premium isometric RTS game asset for mirmicode. Subject: mirmi armed (unit). Faction vibe: shared utility matte gray-teal no faction crest. Three-quarter isometric camera, 30 degree elevation, facing lower-right, soft upper-left key light, crisp readable silhouette, single centered subject on 1024x1024 canvas, transparent PNG alpha background preferred, no franchise IP, no logos, no text, no watermark, production game art. Art direction: Shared utilitarian matte gray-teal equipment, restrained metal materials, no faction crest or faction-specific crystal, foliage or brass ornament. Entire unit fits within 800 by 700 pixels with nominal bottom anchor y=850; generous empty margins, no clipping. Orthographic three-quarter isometric, approximately 30 degrees elevation, clearly facing lower-right. Transparent alpha only if genuinely supported; otherwise perfectly flat solid #20242A background, no gradient, no floor, no scenery, no vignette, no background cast shadow, no checkerboard. No text, logos or watermarks.",image-01,/Users/howard/output/mirmicode/rts-art-v2/units/neutral-mirmi-armed-04.png,success,,0.0035
units/cursor-drone-05.png,units,cursor,"ORIGINAL premium isometric RTS game asset for mirmicode. Subject: drone (unit). Faction vibe: angular crystalline cyan-slate sharp facets. Three-quarter isometric camera, 30 degree elevation, facing lower-right, soft upper-left key light, crisp readable silhouette, single centered subject on 1024x1024 canvas, transparent PNG alpha background preferred, no franchise IP, no logos, no text, no watermark, production game art. Art direction: Dark slate beveled armor framing luminous cyan crystal shards, angular triangular negative spaces, articulated blade-like limbs; premium tactile painted metal and crystal, not neon line art. Entire unit fits within 800 by 700 pixels with nominal bottom anchor y=850; generous empty margins, no clipping. Orthographic three-quarter isometric, approximately 30 degrees elevation, clearly facing lower-right. Transparent alpha only if genuinely supported; otherwise perfectly flat solid #20242A background, no gradient, no floor, no scenery, no vignette, no background cast shadow, no checkerboard. No text, logos or watermarks.",image-01,/Users/howard/output/mirmicode/rts-art-v2/units/cursor-drone-05.png,success,,0.0035
units/codex-drone-05.png,units,codex,"ORIGINAL premium isometric RTS game asset for mirmicode. Subject: drone (unit). Faction vibe: organic biomorphic amber-green flowing leaf forms. Three-quarter isometric camera, 30 degree elevation, facing lower-right, soft upper-left key light, crisp readable silhouette, single centered subject on 1024x1024 canvas, transparent PNG alpha background preferred, no franchise IP, no logos, no text, no watermark, production game art. Art direction: Living olive and moss-green leaf armor, pale twisting woody roots and tendrils, warm luminous amber seed core; elegant biomorphic curves and subtle leaf veins, not a metal robot painted green. Entire unit fits within 800 by 700 pixels with nominal bottom anchor y=850; generous empty margins, no clipping. Orthographic three-quarter isometric, approximately 30 degrees elevation, clearly facing lower-right. Transparent alpha only if genuinely supported; otherwise perfectly flat solid #20242A background, no gradient, no floor, no scenery, no vignette, no background cast shadow, no checkerboard. No text, logos or watermarks.",image-01,/Users/howard/output/mirmicode/rts-art-v2/units/codex-drone-05.png,success,,0.0035
units/ohmypi-drone-05.png,units,ohmypi,"ORIGINAL premium isometric RTS game asset for mirmicode. Subject: drone (unit). Faction vibe: mechanical brass-orange steel servo industrial. Three-quarter isometric camera, 30 degree elevation, facing lower-right, soft upper-left key light, crisp readable silhouette, single centered subject on 1024x1024 canvas, transparent PNG alpha background preferred, no franchise IP, no logos, no text, no watermark, production game art. Art direction: Weathered brass, dark steel and restrained orange glow; chunky riveted shells, flywheel joints, visible pistons and servo mechanisms, sturdy industrial craftsmanship. Entire unit fits within 800 by 700 pixels with nominal bottom anchor y=850; generous empty margins, no clipping. Orthographic three-quarter isometric, approximately 30 degrees elevation, clearly facing lower-right. Transparent alpha only if genuinely supported; otherwise perfectly flat solid #20242A background, no gradient, no floor, no scenery, no vignette, no background cast shadow, no checkerboard. No text, logos or watermarks.",image-01,/Users/howard/output/mirmicode/rts-art-v2/units/ohmypi-drone-05.png,success,,0.0035
units/neutral-drone-05.png,units,neutral,"ORIGINAL premium isometric RTS game asset for mirmicode. Subject: drone (unit). Faction vibe: shared utility matte gray-teal no faction crest. Three-quarter isometric camera, 30 degree elevation, facing lower-right, soft upper-left key light, crisp readable silhouette, single centered subject on 1024x1024 canvas, transparent PNG alpha background preferred, no franchise IP, no logos, no text, no watermark, production game art. Art direction: Shared utilitarian matte gray-teal equipment, restrained metal materials, no faction crest or faction-specific crystal, foliage or brass ornament. Entire unit fits within 800 by 700 pixels with nominal bottom anchor y=850; generous empty margins, no clipping. Orthographic three-quarter isometric, approximately 30 degrees elevation, clearly facing lower-right. Transparent alpha only if genuinely supported; otherwise perfectly flat solid #20242A background, no gradient, no floor, no scenery, no vignette, no background cast shadow, no checkerboard. No text, logos or watermarks.",image-01,/Users/howard/output/mirmicode/rts-art-v2/units/neutral-drone-05.png,success,,0.0035
units/cursor-tankette-06.png,units,cursor,"ORIGINAL premium isometric RTS game asset for mirmicode. Subject: tankette (unit). Faction vibe: angular crystalline cyan-slate sharp facets. Three-quarter isometric camera, 30 degree elevation, facing lower-right, soft upper-left key light, crisp readable silhouette, single centered subject on 1024x1024 canvas, transparent PNG alpha background preferred, no franchise IP, no logos, no text, no watermark, production game art. Art direction: Dark slate beveled armor framing luminous cyan crystal shards, angular triangular negative spaces, articulated blade-like limbs; premium tactile painted metal and crystal, not neon line art. Entire unit fits within 800 by 700 pixels with nominal bottom anchor y=850; generous empty margins, no clipping. Orthographic three-quarter isometric, approximately 30 degrees elevation, clearly facing lower-right. Transparent alpha only if genuinely supported; otherwise perfectly flat solid #20242A background, no gradient, no floor, no scenery, no vignette, no background cast shadow, no checkerboard. No text, logos or watermarks.",image-01,/Users/howard/output/mirmicode/rts-art-v2/units/cursor-tankette-06.png,success,,0.0035
units/codex-tankette-06.png,units,codex,"ORIGINAL premium isometric RTS game asset for mirmicode. Subject: tankette (unit). Faction vibe: organic biomorphic amber-green flowing leaf forms. Three-quarter isometric camera, 30 degree elevation, facing lower-right, soft upper-left key light, crisp readable silhouette, single centered subject on 1024x1024 canvas, transparent PNG alpha background preferred, no franchise IP, no logos, no text, no watermark, production game art. Art direction: Living olive and moss-green leaf armor, pale twisting woody roots and tendrils, warm luminous amber seed core; elegant biomorphic curves and subtle leaf veins, not a metal robot painted green. Entire unit fits within 800 by 700 pixels with nominal bottom anchor y=850; generous empty margins, no clipping. Orthographic three-quarter isometric, approximately 30 degrees elevation, clearly facing lower-right. Transparent alpha only if genuinely supported; otherwise perfectly flat solid #20242A background, no gradient, no floor, no scenery, no vignette, no background cast shadow, no checkerboard. No text, logos or watermarks.",image-01,/Users/howard/output/mirmicode/rts-art-v2/units/codex-tankette-06.png,success,,0.0035
units/ohmypi-tankette-06.png,units,ohmypi,"ORIGINAL premium isometric RTS game asset for mirmicode. Subject: tankette (unit). Faction vibe: mechanical brass-orange steel servo industrial. Three-quarter isometric camera, 30 degree elevation, facing lower-right, soft upper-left key light, crisp readable silhouette, single centered subject on 1024x1024 canvas, transparent PNG alpha background preferred, no franchise IP, no logos, no text, no watermark, production game art. Art direction: Weathered brass, dark steel and restrained orange glow; chunky riveted shells, flywheel joints, visible pistons and servo mechanisms, sturdy industrial craftsmanship. Entire unit fits within 800 by 700 pixels with nominal bottom anchor y=850; generous empty margins, no clipping. Orthographic three-quarter isometric, approximately 30 degrees elevation, clearly facing lower-right. Transparent alpha only if genuinely supported; otherwise perfectly flat solid #20242A background, no gradient, no floor, no scenery, no vignette, no background cast shadow, no checkerboard. No text, logos or watermarks.",image-01,/Users/howard/output/mirmicode/rts-art-v2/units/ohmypi-tankette-06.png,success,,0.0035
units/neutral-tankette-06.png,units,neutral,"ORIGINAL premium isometric RTS game asset for mirmicode. Subject: tankette (unit). Faction vibe: shared utility matte gray-teal no faction crest. Three-quarter isometric camera, 30 degree elevation, facing lower-right, soft upper-left key light, crisp readable silhouette, single centered subject on 1024x1024 canvas, transparent PNG alpha background preferred, no franchise IP, no logos, no text, no watermark, production game art. Art direction: Shared utilitarian matte gray-teal equipment, restrained metal materials, no faction crest or faction-specific crystal, foliage or brass ornament. Entire unit fits within 800 by 700 pixels with nominal bottom anchor y=850; generous empty margins, no clipping. Orthographic three-quarter isometric, approximately 30 degrees elevation, clearly facing lower-right. Transparent alpha only if genuinely supported; otherwise perfectly flat solid #20242A background, no gradient, no floor, no scenery, no vignette, no background cast shadow, no checkerboard. No text, logos or watermarks.",image-01,/Users/howard/output/mirmicode/rts-art-v2/units/neutral-tankette-06.png,success,,0.0035
units/cursor-walker-07.png,units,cursor,"ORIGINAL premium isometric RTS game asset for mirmicode. Subject: walker (unit). Faction vibe: angular crystalline cyan-slate sharp facets. Three-quarter isometric camera, 30 degree elevation, facing lower-right, soft upper-left key light, crisp readable silhouette, single centered subject on 1024x1024 canvas, transparent PNG alpha background preferred, no franchise IP, no logos, no text, no watermark, production game art. Art direction: Dark slate beveled armor framing luminous cyan crystal shards, angular triangular negative spaces, articulated blade-like limbs; premium tactile painted metal and crystal, not neon line art. Entire unit fits within 800 by 700 pixels with nominal bottom anchor y=850; generous empty margins, no clipping. Orthographic three-quarter isometric, approximately 30 degrees elevation, clearly facing lower-right. Transparent alpha only if genuinely supported; otherwise perfectly flat solid #20242A background, no gradient, no floor, no scenery, no vignette, no background cast shadow, no checkerboard. No text, logos or watermarks.",image-01,/Users/howard/output/mirmicode/rts-art-v2/units/cursor-walker-07.png,success,,0.0035
units/codex-walker-07.png,units,codex,"ORIGINAL premium isometric RTS game asset for mirmicode. Subject: walker (unit). Faction vibe: organic biomorphic amber-green flowing leaf forms. Three-quarter isometric camera, 30 degree elevation, facing lower-right, soft upper-left key light, crisp readable silhouette, single centered subject on 1024x1024 canvas, transparent PNG alpha background preferred, no franchise IP, no logos, no text, no watermark, production game art. Art direction: Living olive and moss-green leaf armor, pale twisting woody roots and tendrils, warm luminous amber seed core; elegant biomorphic curves and subtle leaf veins, not a metal robot painted green. Entire unit fits within 800 by 700 pixels with nominal bottom anchor y=850; generous empty margins, no clipping. Orthographic three-quarter isometric, approximately 30 degrees elevation, clearly facing lower-right. Transparent alpha only if genuinely supported; otherwise perfectly flat solid #20242A background, no gradient, no floor, no scenery, no vignette, no background cast shadow, no checkerboard. No text, logos or watermarks.",image-01,/Users/howard/output/mirmicode/rts-art-v2/units/codex-walker-07.png,success,,0.0035
units/ohmypi-walker-07.png,units,ohmypi,"ORIGINAL premium isometric RTS game asset for mirmicode. Subject: walker (unit). Faction vibe: mechanical brass-orange steel servo industrial. Three-quarter isometric camera, 30 degree elevation, facing lower-right, soft upper-left key light, crisp readable silhouette, single centered subject on 1024x1024 canvas, transparent PNG alpha background preferred, no franchise IP, no logos, no text, no watermark, production game art. Art direction: Weathered brass, dark steel and restrained orange glow; chunky riveted shells, flywheel joints, visible pistons and servo mechanisms, sturdy industrial craftsmanship. Entire unit fits within 800 by 700 pixels with nominal bottom anchor y=850; generous empty margins, no clipping. Orthographic three-quarter isometric, approximately 30 degrees elevation, clearly facing lower-right. Transparent alpha only if genuinely supported; otherwise perfectly flat solid #20242A background, no gradient, no floor, no scenery, no vignette, no background cast shadow, no checkerboard. No text, logos or watermarks.",image-01,/Users/howard/output/mirmicode/rts-art-v2/units/ohmypi-walker-07.png,success,,0.0035
units/neutral-walker-07.png,units,neutral,"ORIGINAL premium isometric RTS game asset for mirmicode. Subject: walker (unit). Faction vibe: shared utility matte gray-teal no faction crest. Three-quarter isometric camera, 30 degree elevation, facing lower-right, soft upper-left key light, crisp readable silhouette, single centered subject on 1024x1024 canvas, transparent PNG alpha background preferred, no franchise IP, no logos, no text, no watermark, production game art. Art direction: Shared utilitarian matte gray-teal equipment, restrained metal materials, no faction crest or faction-specific crystal, foliage or brass ornament. Entire unit fits within 800 by 700 pixels with nominal bottom anchor y=850; generous empty margins, no clipping. Orthographic three-quarter isometric, approximately 30 degrees elevation, clearly facing lower-right. Transparent alpha only if genuinely supported; otherwise perfectly flat solid #20242A background, no gradient, no floor, no scenery, no vignette, no background cast shadow, no checkerboard. No text, logos or watermarks.",image-01,/Users/howard/output/mirmicode/rts-art-v2/units/neutral-walker-07.png,success,,0.0035
units/cursor-skiff-08.png,units,cursor,"ORIGINAL premium isometric RTS game asset for mirmicode. Subject: skiff (unit). Faction vibe: angular crystalline cyan-slate sharp facets. Three-quarter isometric camera, 30 degree elevation, facing lower-right, soft upper-left key light, crisp readable silhouette, single centered subject on 1024x1024 canvas, transparent PNG alpha background preferred, no franchise IP, no logos, no text, no watermark, production game art. Art direction: Dark slate beveled armor framing luminous cyan crystal shards, angular triangular negative spaces, articulated blade-like limbs; premium tactile painted metal and crystal, not neon line art. Entire unit fits within 800 by 700 pixels with nominal bottom anchor y=850; generous empty margins, no clipping. Orthographic three-quarter isometric, approximately 30 degrees elevation, clearly facing lower-right. Transparent alpha only if genuinely supported; otherwise perfectly flat solid #20242A background, no gradient, no floor, no scenery, no vignette, no background cast shadow, no checkerboard. No text, logos or watermarks.",image-01,/Users/howard/output/mirmicode/rts-art-v2/units/cursor-skiff-08.png,success,,0.0035
units/codex-skiff-08.png,units,codex,"ORIGINAL premium isometric RTS game asset for mirmicode. Subject: skiff (unit). Faction vibe: organic biomorphic amber-green flowing leaf forms. Three-quarter isometric camera, 30 degree elevation, facing lower-right, soft upper-left key light, crisp readable silhouette, single centered subject on 1024x1024 canvas, transparent PNG alpha background preferred, no franchise IP, no logos, no text, no watermark, production game art. Art direction: Living olive and moss-green leaf armor, pale twisting woody roots and tendrils, warm luminous amber seed core; elegant biomorphic curves and subtle leaf veins, not a metal robot painted green. Entire unit fits within 800 by 700 pixels with nominal bottom anchor y=850; generous empty margins, no clipping. Orthographic three-quarter isometric, approximately 30 degrees elevation, clearly facing lower-right. Transparent alpha only if genuinely supported; otherwise perfectly flat solid #20242A background, no gradient, no floor, no scenery, no vignette, no background cast shadow, no checkerboard. No text, logos or watermarks.",image-01,/Users/howard/output/mirmicode/rts-art-v2/units/codex-skiff-08.png,success,,0.0035
units/ohmypi-skiff-08.png,units,ohmypi,"ORIGINAL premium isometric RTS game asset for mirmicode. Subject: skiff (unit). Faction vibe: mechanical brass-orange steel servo industrial. Three-quarter isometric camera, 30 degree elevation, facing lower-right, soft upper-left key light, crisp readable silhouette, single centered subject on 1024x1024 canvas, transparent PNG alpha background preferred, no franchise IP, no logos, no text, no watermark, production game art. Art direction: Weathered brass, dark steel and restrained orange glow; chunky riveted shells, flywheel joints, visible pistons and servo mechanisms, sturdy industrial craftsmanship. Entire unit fits within 800 by 700 pixels with nominal bottom anchor y=850; generous empty margins, no clipping. Orthographic three-quarter isometric, approximately 30 degrees elevation, clearly facing lower-right. Transparent alpha only if genuinely supported; otherwise perfectly flat solid #20242A background, no gradient, no floor, no scenery, no vignette, no background cast shadow, no checkerboard. No text, logos or watermarks.",image-01,/Users/howard/output/mirmicode/rts-art-v2/units/ohmypi-skiff-08.png,success,,0.0035
units/neutral-skiff-08.png,units,neutral,"ORIGINAL premium isometric RTS game asset for mirmicode. Subject: skiff (unit). Faction vibe: shared utility matte gray-teal no faction crest. Three-quarter isometric camera, 30 degree elevation, facing lower-right, soft upper-left key light, crisp readable silhouette, single centered subject on 1024x1024 canvas, transparent PNG alpha background preferred, no franchise IP, no logos, no text, no watermark, production game art. Art direction: Shared utilitarian matte gray-teal equipment, restrained metal materials, no faction crest or faction-specific crystal, foliage or brass ornament. Entire unit fits within 800 by 700 pixels with nominal bottom anchor y=850; generous empty margins, no clipping. Orthographic three-quarter isometric, approximately 30 degrees elevation, clearly facing lower-right. Transparent alpha only if genuinely supported; otherwise perfectly flat solid #20242A background, no gradient, no floor, no scenery, no vignette, no background cast shadow, no checkerboard. No text, logos or watermarks.",image-01,/Users/howard/output/mirmicode/rts-art-v2/units/neutral-skiff-08.png,success,,0.0035
units/cursor-medic-bot-09.png,units,cursor,"ORIGINAL premium isometric RTS game asset for mirmicode. Subject: medic bot (unit). Faction vibe: angular crystalline cyan-slate sharp facets. Three-quarter isometric camera, 30 degree elevation, facing lower-right, soft upper-left key light, crisp readable silhouette, single centered subject on 1024x1024 canvas, transparent PNG alpha background preferred, no franchise IP, no logos, no text, no watermark, production game art. Art direction: Dark slate beveled armor framing luminous cyan crystal shards, angular triangular negative spaces, articulated blade-like limbs; premium tactile painted metal and crystal, not neon line art. Entire unit fits within 800 by 700 pixels with nominal bottom anchor y=850; generous empty margins, no clipping. Orthographic three-quarter isometric, approximately 30 degrees elevation, clearly facing lower-right. Transparent alpha only if genuinely supported; otherwise perfectly flat solid #20242A background, no gradient, no floor, no scenery, no vignette, no background cast shadow, no checkerboard. No text, logos or watermarks.",image-01,/Users/howard/output/mirmicode/rts-art-v2/units/cursor-medic-bot-09.png,success,,0.0035
units/codex-medic-bot-09.png,units,codex,"ORIGINAL premium isometric RTS game asset for mirmicode. Subject: medic bot (unit). Faction vibe: organic biomorphic amber-green flowing leaf forms. Three-quarter isometric camera, 30 degree elevation, facing lower-right, soft upper-left key light, crisp readable silhouette, single centered subject on 1024x1024 canvas, transparent PNG alpha background preferred, no franchise IP, no logos, no text, no watermark, production game art. Art direction: Living olive and moss-green leaf armor, pale twisting woody roots and tendrils, warm luminous amber seed core; elegant biomorphic curves and subtle leaf veins, not a metal robot painted green. Entire unit fits within 800 by 700 pixels with nominal bottom anchor y=850; generous empty margins, no clipping. Orthographic three-quarter isometric, approximately 30 degrees elevation, clearly facing lower-right. Transparent alpha only if genuinely supported; otherwise perfectly flat solid #20242A background, no gradient, no floor, no scenery, no vignette, no background cast shadow, no checkerboard. No text, logos or watermarks.",image-01,/Users/howard/output/mirmicode/rts-art-v2/units/codex-medic-bot-09.png,success,,0.0035
units/ohmypi-medic-bot-09.png,units,ohmypi,"ORIGINAL premium isometric RTS game asset for mirmicode. Subject: medic bot (unit). Faction vibe: mechanical brass-orange steel servo industrial. Three-quarter isometric camera, 30 degree elevation, facing lower-right, soft upper-left key light, crisp readable silhouette, single centered subject on 1024x1024 canvas, transparent PNG alpha background preferred, no franchise IP, no logos, no text, no watermark, production game art. Art direction: Weathered brass, dark steel and restrained orange glow; chunky riveted shells, flywheel joints, visible pistons and servo mechanisms, sturdy industrial craftsmanship. Entire unit fits within 800 by 700 pixels with nominal bottom anchor y=850; generous empty margins, no clipping. Orthographic three-quarter isometric, approximately 30 degrees elevation, clearly facing lower-right. Transparent alpha only if genuinely supported; otherwise perfectly flat solid #20242A background, no gradient, no floor, no scenery, no vignette, no background cast shadow, no checkerboard. No text, logos or watermarks.",image-01,/Users/howard/output/mirmicode/rts-art-v2/units/ohmypi-medic-bot-09.png,success,,0.0035
units/neutral-medic-bot-09.png,units,neutral,"ORIGINAL premium isometric RTS game asset for mirmicode. Subject: medic bot (unit). Faction vibe: shared utility matte gray-teal no faction crest. Three-quarter isometric camera, 30 degree elevation, facing lower-right, soft upper-left key light, crisp readable silhouette, single centered subject on 1024x1024 canvas, transparent PNG alpha background preferred, no franchise IP, no logos, no text, no watermark, production game art. Art direction: Shared utilitarian matte gray-teal equipment, restrained metal materials, no faction crest or faction-specific crystal, foliage or brass ornament. Entire unit fits within 800 by 700 pixels with nominal bottom anchor y=850; generous empty margins, no clipping. Orthographic three-quarter isometric, approximately 30 degrees elevation, clearly facing lower-right. Transparent alpha only if genuinely supported; otherwise perfectly flat solid #20242A background, no gradient, no floor, no scenery, no vignette, no background cast shadow, no checkerboard. No text, logos or watermarks.",image-01,/Users/howard/output/mirmicode/rts-art-v2/units/neutral-medic-bot-09.png,success,,0.0035
units/cursor-builder-bot-10.png,units,cursor,"ORIGINAL premium isometric RTS game asset for mirmicode. Subject: builder bot (unit). Faction vibe: angular crystalline cyan-slate sharp facets. Three-quarter isometric camera, 30 degree elevation, facing lower-right, soft upper-left key light, crisp readable silhouette, single centered subject on 1024x1024 canvas, transparent PNG alpha background preferred, no franchise IP, no logos, no text, no watermark, production game art. Art direction: Dark slate beveled armor framing luminous cyan crystal shards, angular triangular negative spaces, articulated blade-like limbs; premium tactile painted metal and crystal, not neon line art. Entire unit fits within 800 by 700 pixels with nominal bottom anchor y=850; generous empty margins, no clipping. Orthographic three-quarter isometric, approximately 30 degrees elevation, clearly facing lower-right. Transparent alpha only if genuinely supported; otherwise perfectly flat solid #20242A background, no gradient, no floor, no scenery, no vignette, no background cast shadow, no checkerboard. No text, logos or watermarks.",image-01,/Users/howard/output/mirmicode/rts-art-v2/units/cursor-builder-bot-10.png,success,,0.0035
units/codex-builder-bot-10.png,units,codex,"ORIGINAL premium isometric RTS game asset for mirmicode. Subject: builder bot (unit). Faction vibe: organic biomorphic amber-green flowing leaf forms. Three-quarter isometric camera, 30 degree elevation, facing lower-right, soft upper-left key light, crisp readable silhouette, single centered subject on 1024x1024 canvas, transparent PNG alpha background preferred, no franchise IP, no logos, no text, no watermark, production game art. Art direction: Living olive and moss-green leaf armor, pale twisting woody roots and tendrils, warm luminous amber seed core; elegant biomorphic curves and subtle leaf veins, not a metal robot painted green. Entire unit fits within 800 by 700 pixels with nominal bottom anchor y=850; generous empty margins, no clipping. Orthographic three-quarter isometric, approximately 30 degrees elevation, clearly facing lower-right. Transparent alpha only if genuinely supported; otherwise perfectly flat solid #20242A background, no gradient, no floor, no scenery, no vignette, no background cast shadow, no checkerboard. No text, logos or watermarks.",image-01,/Users/howard/output/mirmicode/rts-art-v2/units/codex-builder-bot-10.png,success,,0.0035
units/ohmypi-builder-bot-10.png,units,ohmypi,"ORIGINAL premium isometric RTS game asset for mirmicode. Subject: builder bot (unit). Faction vibe: mechanical brass-orange steel servo industrial. Three-quarter isometric camera, 30 degree elevation, facing lower-right, soft upper-left key light, crisp readable silhouette, single centered subject on 1024x1024 canvas, transparent PNG alpha background preferred, no franchise IP, no logos, no text, no watermark, production game art. Art direction: Weathered brass, dark steel and restrained orange glow; chunky riveted shells, flywheel joints, visible pistons and servo mechanisms, sturdy industrial craftsmanship. Entire unit fits within 800 by 700 pixels with nominal bottom anchor y=850; generous empty margins, no clipping. Orthographic three-quarter isometric, approximately 30 degrees elevation, clearly facing lower-right. Transparent alpha only if genuinely supported; otherwise perfectly flat solid #20242A background, no gradient, no floor, no scenery, no vignette, no background cast shadow, no checkerboard. No text, logos or watermarks.",image-01,/Users/howard/output/mirmicode/rts-art-v2/units/ohmypi-builder-bot-10.png,success,,0.0035
units/neutral-builder-bot-10.png,units,neutral,"ORIGINAL premium isometric RTS game asset for mirmicode. Subject: builder bot (unit). Faction vibe: shared utility matte gray-teal no faction crest. Three-quarter isometric camera, 30 degree elevation, facing lower-right, soft upper-left key light, crisp readable silhouette, single centered subject on 1024x1024 canvas, transparent PNG alpha background preferred, no franchise IP, no logos, no text, no watermark, production game art. Art direction: Shared utilitarian matte gray-teal equipment, restrained metal materials, no faction crest or faction-specific crystal, foliage or brass ornament. Entire unit fits within 800 by 700 pixels with nominal bottom anchor y=850; generous empty margins, no clipping. Orthographic three-quarter isometric, approximately 30 degrees elevation, clearly facing lower-right. Transparent alpha only if genuinely supported; otherwise perfectly flat solid #20242A background, no gradient, no floor, no scenery, no vignette, no background cast shadow, no checkerboard. No text, logos or watermarks.",image-01,/Users/howard/output/mirmicode/rts-art-v2/units/neutral-builder-bot-10.png,success,,0.0035
buildings/cursor-pad-01.png,buildings,cursor,"ORIGINAL premium isometric RTS game asset for mirmicode. Subject: pad (building). Faction vibe: angular crystalline cyan-slate sharp facets. Three-quarter isometric camera, 30 degree elevation, facing lower-right, soft upper-left key light, crisp readable silhouette, single centered subject on 1024x1024 canvas, transparent PNG alpha background preferred, no franchise IP, no logos, no text, no watermark, production game art. Art direction: Dark slate beveled armor framing luminous cyan crystal shards, angular triangular negative spaces, articulated blade-like limbs; premium tactile painted metal and crystal, not neon line art. Entire subject fits within 800 by 700 pixels with nominal bottom anchor y=850; generous empty margins, no clipping. Orthographic three-quarter isometric, approximately 30 degrees elevation, clearly facing lower-right. Transparent alpha only if genuinely supported; otherwise perfectly flat solid #20242A background, no gradient, no floor, no scenery, no vignette, no background cast shadow, no checkerboard. No text, logos or watermarks.",image-01,/Users/howard/output/mirmicode/rts-art-v2/buildings/cursor-pad-01.png,success,,0.0035
buildings/codex-pad-01.png,buildings,codex,"ORIGINAL premium isometric RTS game asset for mirmicode. Subject: pad (building). Faction vibe: organic biomorphic amber-green flowing leaf forms. Three-quarter isometric camera, 30 degree elevation, facing lower-right, soft upper-left key light, crisp readable silhouette, single centered subject on 1024x1024 canvas, transparent PNG alpha background preferred, no franchise IP, no logos, no text, no watermark, production game art. Art direction: Living olive and moss-green leaf armor, pale twisting woody roots and tendrils, warm luminous amber seed core; elegant biomorphic curves and subtle leaf veins, not a metal robot painted green. Entire subject fits within 800 by 700 pixels with nominal bottom anchor y=850; generous empty margins, no clipping. Orthographic three-quarter isometric, approximately 30 degrees elevation, clearly facing lower-right. Transparent alpha only if genuinely supported; otherwise perfectly flat solid #20242A background, no gradient, no floor, no scenery, no vignette, no background cast shadow, no checkerboard. No text, logos or watermarks.",image-01,/Users/howard/output/mirmicode/rts-art-v2/buildings/codex-pad-01.png,success,,0.0035
buildings/ohmypi-pad-01.png,buildings,ohmypi,"ORIGINAL premium isometric RTS game asset for mirmicode. Subject: pad (building). Faction vibe: mechanical brass-orange steel servo industrial. Three-quarter isometric camera, 30 degree elevation, facing lower-right, soft upper-left key light, crisp readable silhouette, single centered subject on 1024x1024 canvas, transparent PNG alpha background preferred, no franchise IP, no logos, no text, no watermark, production game art. Art direction: Weathered brass, dark steel and restrained orange glow; chunky riveted shells, flywheel joints, visible pistons and servo mechanisms, sturdy industrial craftsmanship. Entire subject fits within 800 by 700 pixels with nominal bottom anchor y=850; generous empty margins, no clipping. Orthographic three-quarter isometric, approximately 30 degrees elevation, clearly facing lower-right. Transparent alpha only if genuinely supported; otherwise perfectly flat solid #20242A background, no gradient, no floor, no scenery, no vignette, no background cast shadow, no checkerboard. No text, logos or watermarks.",image-01,/Users/howard/output/mirmicode/rts-art-v2/buildings/ohmypi-pad-01.png,success,,0.0035
buildings/neutral-pad-01.png,buildings,neutral,"ORIGINAL premium isometric RTS game asset for mirmicode. Subject: pad (building). Faction vibe: shared utility matte gray-teal no faction crest. Three-quarter isometric camera, 30 degree elevation, facing lower-right, soft upper-left key light, crisp readable silhouette, single centered subject on 1024x1024 canvas, transparent PNG alpha background preferred, no franchise IP, no logos, no text, no watermark, production game art. Art direction: Shared utilitarian matte gray-teal equipment, restrained metal materials, no faction crest or faction-specific crystal, foliage or brass ornament. Entire subject fits within 800 by 700 pixels with nominal bottom anchor y=850; generous empty margins, no clipping. Orthographic three-quarter isometric, approximately 30 degrees elevation, clearly facing lower-right. Transparent alpha only if genuinely supported; otherwise perfectly flat solid #20242A background, no gradient, no floor, no scenery, no vignette, no background cast shadow, no checkerboard. No text, logos or watermarks.",image-01,/Users/howard/output/mirmicode/rts-art-v2/buildings/neutral-pad-01.png,success,,0.0035
buildings/cursor-depot-02.png,buildings,cursor,"ORIGINAL premium isometric RTS game asset for mirmicode. Subject: depot (building). Faction vibe: angular crystalline cyan-slate sharp facets. Three-quarter isometric camera, 30 degree elevation, facing lower-right, soft upper-left key light, crisp readable silhouette, single centered subject on 1024x1024 canvas, transparent PNG alpha background preferred, no franchise IP, no logos, no text, no watermark, production game art. Art direction: Dark slate beveled armor framing luminous cyan crystal shards, angular triangular negative spaces, articulated blade-like limbs; premium tactile painted metal and crystal, not neon line art. Entire subject fits within 800 by 700 pixels with nominal bottom anchor y=850; generous empty margins, no clipping. Orthographic three-quarter isometric, approximately 30 degrees elevation, clearly facing lower-right. Transparent alpha only if genuinely supported; otherwise perfectly flat solid #20242A background, no gradient, no floor, no scenery, no vignette, no background cast shadow, no checkerboard. No text, logos or watermarks.",image-01,/Users/howard/output/mirmicode/rts-art-v2/buildings/cursor-depot-02.png,success,,0.0035
buildings/codex-depot-02.png,buildings,codex,"ORIGINAL premium isometric RTS game asset for mirmicode. Subject: depot (building). Faction vibe: organic biomorphic amber-green flowing leaf forms. Three-quarter isometric camera, 30 degree elevation, facing lower-right, soft upper-left key light, crisp readable silhouette, single centered subject on 1024x1024 canvas, transparent PNG alpha background preferred, no franchise IP, no logos, no text, no watermark, production game art. Art direction: Living olive and moss-green leaf armor, pale twisting woody roots and tendrils, warm luminous amber seed core; elegant biomorphic curves and subtle leaf veins, not a metal robot painted green. Entire subject fits within 800 by 700 pixels with nominal bottom anchor y=850; generous empty margins, no clipping. Orthographic three-quarter isometric, approximately 30 degrees elevation, clearly facing lower-right. Transparent alpha only if genuinely supported; otherwise perfectly flat solid #20242A background, no gradient, no floor, no scenery, no vignette, no background cast shadow, no checkerboard. No text, logos or watermarks.",image-01,/Users/howard/output/mirmicode/rts-art-v2/buildings/codex-depot-02.png,success,,0.0035
buildings/ohmypi-depot-02.png,buildings,ohmypi,"ORIGINAL premium isometric RTS game asset for mirmicode. Subject: depot (building). Faction vibe: mechanical brass-orange steel servo industrial. Three-quarter isometric camera, 30 degree elevation, facing lower-right, soft upper-left key light, crisp readable silhouette, single centered subject on 1024x1024 canvas, transparent PNG alpha background preferred, no franchise IP, no logos, no text, no watermark, production game art. Art direction: Weathered brass, dark steel and restrained orange glow; chunky riveted shells, flywheel joints, visible pistons and servo mechanisms, sturdy industrial craftsmanship. Entire subject fits within 800 by 700 pixels with nominal bottom anchor y=850; generous empty margins, no clipping. Orthographic three-quarter isometric, approximately 30 degrees elevation, clearly facing lower-right. Transparent alpha only if genuinely supported; otherwise perfectly flat solid #20242A background, no gradient, no floor, no scenery, no vignette, no background cast shadow, no checkerboard. No text, logos or watermarks.",image-01,/Users/howard/output/mirmicode/rts-art-v2/buildings/ohmypi-depot-02.png,success,,0.0035
buildings/neutral-depot-02.png,buildings,neutral,"ORIGINAL premium isometric RTS game asset for mirmicode. Subject: depot (building). Faction vibe: shared utility matte gray-teal no faction crest. Three-quarter isometric camera, 30 degree elevation, facing lower-right, soft upper-left key light, crisp readable silhouette, single centered subject on 1024x1024 canvas, transparent PNG alpha background preferred, no franchise IP, no logos, no text, no watermark, production game art. Art direction: Shared utilitarian matte gray-teal equipment, restrained metal materials, no faction crest or faction-specific crystal, foliage or brass ornament. Entire subject fits within 800 by 700 pixels with nominal bottom anchor y=850; generous empty margins, no clipping. Orthographic three-quarter isometric, approximately 30 degrees elevation, clearly facing lower-right. Transparent alpha only if genuinely supported; otherwise perfectly flat solid #20242A background, no gradient, no floor, no scenery, no vignette, no background cast shadow, no checkerboard. No text, logos or watermarks.",image-01,/Users/howard/output/mirmicode/rts-art-v2/buildings/neutral-depot-02.png,success,,0.0035
buildings/cursor-turret-03.png,buildings,cursor,"ORIGINAL premium isometric RTS game asset for mirmicode. Subject: turret (building). Faction vibe: angular crystalline cyan-slate sharp facets. Three-quarter isometric camera, 30 degree elevation, facing lower-right, soft upper-left key light, crisp readable silhouette, single centered subject on 1024x1024 canvas, transparent PNG alpha background preferred, no franchise IP, no logos, no text, no watermark, production game art. Art direction: Dark slate beveled armor framing luminous cyan crystal shards, angular triangular negative spaces, articulated blade-like limbs; premium tactile painted metal and crystal, not neon line art. Entire subject fits within 800 by 700 pixels with nominal bottom anchor y=850; generous empty margins, no clipping. Orthographic three-quarter isometric, approximately 30 degrees elevation, clearly facing lower-right. Transparent alpha only if genuinely supported; otherwise perfectly flat solid #20242A background, no gradient, no floor, no scenery, no vignette, no background cast shadow, no checkerboard. No text, logos or watermarks.",image-01,/Users/howard/output/mirmicode/rts-art-v2/buildings/cursor-turret-03.png,success,,0.0035
buildings/codex-turret-03.png,buildings,codex,"ORIGINAL premium isometric RTS game asset for mirmicode. Subject: turret (building). Faction vibe: organic biomorphic amber-green flowing leaf forms. Three-quarter isometric camera, 30 degree elevation, facing lower-right, soft upper-left key light, crisp readable silhouette, single centered subject on 1024x1024 canvas, transparent PNG alpha background preferred, no franchise IP, no logos, no text, no watermark, production game art. Art direction: Living olive and moss-green leaf armor, pale twisting woody roots and tendrils, warm luminous amber seed core; elegant biomorphic curves and subtle leaf veins, not a metal robot painted green. Entire subject fits within 800 by 700 pixels with nominal bottom anchor y=850; generous empty margins, no clipping. Orthographic three-quarter isometric, approximately 30 degrees elevation, clearly facing lower-right. Transparent alpha only if genuinely supported; otherwise perfectly flat solid #20242A background, no gradient, no floor, no scenery, no vignette, no background cast shadow, no checkerboard. No text, logos or watermarks.",image-01,/Users/howard/output/mirmicode/rts-art-v2/buildings/codex-turret-03.png,success,,0.0035
buildings/ohmypi-turret-03.png,buildings,ohmypi,"ORIGINAL premium isometric RTS game asset for mirmicode. Subject: turret (building). Faction vibe: mechanical brass-orange steel servo industrial. Three-quarter isometric camera, 30 degree elevation, facing lower-right, soft upper-left key light, crisp readable silhouette, single centered subject on 1024x1024 canvas, transparent PNG alpha background preferred, no franchise IP, no logos, no text, no watermark, production game art. Art direction: Weathered brass, dark steel and restrained orange glow; chunky riveted shells, flywheel joints, visible pistons and servo mechanisms, sturdy industrial craftsmanship. Entire subject fits within 800 by 700 pixels with nominal bottom anchor y=850; generous empty margins, no clipping. Orthographic three-quarter isometric, approximately 30 degrees elevation, clearly facing lower-right. Transparent alpha only if genuinely supported; otherwise perfectly flat solid #20242A background, no gradient, no floor, no scenery, no vignette, no background cast shadow, no checkerboard. No text, logos or watermarks.",image-01,/Users/howard/output/mirmicode/rts-art-v2/buildings/ohmypi-turret-03.png,success,,0.0035
buildings/neutral-turret-03.png,buildings,neutral,"ORIGINAL premium isometric RTS game asset for mirmicode. Subject: turret (building). Faction vibe: shared utility matte gray-teal no faction crest. Three-quarter isometric camera, 30 degree elevation, facing lower-right, soft upper-left key light, crisp readable silhouette, single centered subject on 1024x1024 canvas, transparent PNG alpha background preferred, no franchise IP, no logos, no text, no watermark, production game art. Art direction: Shared utilitarian matte gray-teal equipment, restrained metal materials, no faction crest or faction-specific crystal, foliage or brass ornament. Entire subject fits within 800 by 700 pixels with nominal bottom anchor y=850; generous empty margins, no clipping. Orthographic three-quarter isometric, approximately 30 degrees elevation, clearly facing lower-right. Transparent alpha only if genuinely supported; otherwise perfectly flat solid #20242A background, no gradient, no floor, no scenery, no vignette, no background cast shadow, no checkerboard. No text, logos or watermarks.",image-01,/Users/howard/output/mirmicode/rts-art-v2/buildings/neutral-turret-03.png,success,,0.0035
buildings/cursor-refinery-04.png,buildings,cursor,"ORIGINAL premium isometric RTS game asset for mirmicode. Subject: refinery (building). Faction vibe: angular crystalline cyan-slate sharp facets. Three-quarter isometric camera, 30 degree elevation, facing lower-right, soft upper-left key light, crisp readable silhouette, single centered subject on 1024x1024 canvas, transparent PNG alpha background preferred, no franchise IP, no logos, no text, no watermark, production game art. Art direction: Dark slate beveled armor framing luminous cyan crystal shards, angular triangular negative spaces, articulated blade-like limbs; premium tactile painted metal and crystal, not neon line art. Entire subject fits within 800 by 700 pixels with nominal bottom anchor y=850; generous empty margins, no clipping. Orthographic three-quarter isometric, approximately 30 degrees elevation, clearly facing lower-right. Transparent alpha only if genuinely supported; otherwise perfectly flat solid #20242A background, no gradient, no floor, no scenery, no vignette, no background cast shadow, no checkerboard. No text, logos or watermarks.",image-01,/Users/howard/output/mirmicode/rts-art-v2/buildings/cursor-refinery-04.png,success,,0.0035
buildings/codex-refinery-04.png,buildings,codex,"ORIGINAL premium isometric RTS game asset for mirmicode. Subject: refinery (building). Faction vibe: organic biomorphic amber-green flowing leaf forms. Three-quarter isometric camera, 30 degree elevation, facing lower-right, soft upper-left key light, crisp readable silhouette, single centered subject on 1024x1024 canvas, transparent PNG alpha background preferred, no franchise IP, no logos, no text, no watermark, production game art. Art direction: Living olive and moss-green leaf armor, pale twisting woody roots and tendrils, warm luminous amber seed core; elegant biomorphic curves and subtle leaf veins, not a metal robot painted green. Entire subject fits within 800 by 700 pixels with nominal bottom anchor y=850; generous empty margins, no clipping. Orthographic three-quarter isometric, approximately 30 degrees elevation, clearly facing lower-right. Transparent alpha only if genuinely supported; otherwise perfectly flat solid #20242A background, no gradient, no floor, no scenery, no vignette, no background cast shadow, no checkerboard. No text, logos or watermarks.",image-01,/Users/howard/output/mirmicode/rts-art-v2/buildings/codex-refinery-04.png,success,,0.0035
buildings/ohmypi-refinery-04.png,buildings,ohmypi,"ORIGINAL premium isometric RTS game asset for mirmicode. Subject: refinery (building). Faction vibe: mechanical brass-orange steel servo industrial. Three-quarter isometric camera, 30 degree elevation, facing lower-right, soft upper-left key light, crisp readable silhouette, single centered subject on 1024x1024 canvas, transparent PNG alpha background preferred, no franchise IP, no logos, no text, no watermark, production game art. Art direction: Weathered brass, dark steel and restrained orange glow; chunky riveted shells, flywheel joints, visible pistons and servo mechanisms, sturdy industrial craftsmanship. Entire subject fits within 800 by 700 pixels with nominal bottom anchor y=850; generous empty margins, no clipping. Orthographic three-quarter isometric, approximately 30 degrees elevation, clearly facing lower-right. Transparent alpha only if genuinely supported; otherwise perfectly flat solid #20242A background, no gradient, no floor, no scenery, no vignette, no background cast shadow, no checkerboard. No text, logos or watermarks.",image-01,/Users/howard/output/mirmicode/rts-art-v2/buildings/ohmypi-refinery-04.png,success,,0.0035
buildings/neutral-refinery-04.png,buildings,neutral,"ORIGINAL premium isometric RTS game asset for mirmicode. Subject: refinery (building). Faction vibe: shared utility matte gray-teal no faction crest. Three-quarter isometric camera, 30 degree elevation, facing lower-right, soft upper-left key light, crisp readable silhouette, single centered subject on 1024x1024 canvas, transparent PNG alpha background preferred, no franchise IP, no logos, no text, no watermark, production game art. Art direction: Shared utilitarian matte gray-teal equipment, restrained metal materials, no faction crest or faction-specific crystal, foliage or brass ornament. Entire subject fits within 800 by 700 pixels with nominal bottom anchor y=850; generous empty margins, no clipping. Orthographic three-quarter isometric, approximately 30 degrees elevation, clearly facing lower-right. Transparent alpha only if genuinely supported; otherwise perfectly flat solid #20242A background, no gradient, no floor, no scenery, no vignette, no background cast shadow, no checkerboard. No text, logos or watermarks.",image-01,/Users/howard/output/mirmicode/rts-art-v2/buildings/neutral-refinery-04.png,success,,0.0035
buildings/cursor-barracks-05.png,buildings,cursor,"ORIGINAL premium isometric RTS game asset for mirmicode. Subject: barracks (building). Faction vibe: angular crystalline cyan-slate sharp facets. Three-quarter isometric camera, 30 degree elevation, facing lower-right, soft upper-left key light, crisp readable silhouette, single centered subject on 1024x1024 canvas, transparent PNG alpha background preferred, no franchise IP, no logos, no text, no watermark, production game art. Art direction: Dark slate beveled armor framing luminous cyan crystal shards, angular triangular negative spaces, articulated blade-like limbs; premium tactile painted metal and crystal, not neon line art. Entire subject fits within 800 by 700 pixels with nominal bottom anchor y=850; generous empty margins, no clipping. Orthographic three-quarter isometric, approximately 30 degrees elevation, clearly facing lower-right. Transparent alpha only if genuinely supported; otherwise perfectly flat solid #20242A background, no gradient, no floor, no scenery, no vignette, no background cast shadow, no checkerboard. No text, logos or watermarks.",image-01,/Users/howard/output/mirmicode/rts-art-v2/buildings/cursor-barracks-05.png,success,,0.0035
buildings/codex-barracks-05.png,buildings,codex,"ORIGINAL premium isometric RTS game asset for mirmicode. Subject: barracks (building). Faction vibe: organic biomorphic amber-green flowing leaf forms. Three-quarter isometric camera, 30 degree elevation, facing lower-right, soft upper-left key light, crisp readable silhouette, single centered subject on 1024x1024 canvas, transparent PNG alpha background preferred, no franchise IP, no logos, no text, no watermark, production game art. Art direction: Living olive and moss-green leaf armor, pale twisting woody roots and tendrils, warm luminous amber seed core; elegant biomorphic curves and subtle leaf veins, not a metal robot painted green. Entire subject fits within 800 by 700 pixels with nominal bottom anchor y=850; generous empty margins, no clipping. Orthographic three-quarter isometric, approximately 30 degrees elevation, clearly facing lower-right. Transparent alpha only if genuinely supported; otherwise perfectly flat solid #20242A background, no gradient, no floor, no scenery, no vignette, no background cast shadow, no checkerboard. No text, logos or watermarks.",image-01,/Users/howard/output/mirmicode/rts-art-v2/buildings/codex-barracks-05.png,success,,0.0035
buildings/ohmypi-barracks-05.png,buildings,ohmypi,"ORIGINAL premium isometric RTS game asset for mirmicode. Subject: barracks (building). Faction vibe: mechanical brass-orange steel servo industrial. Three-quarter isometric camera, 30 degree elevation, facing lower-right, soft upper-left key light, crisp readable silhouette, single centered subject on 1024x1024 canvas, transparent PNG alpha background preferred, no franchise IP, no logos, no text, no watermark, production game art. Art direction: Weathered brass, dark steel and restrained orange glow; chunky riveted shells, flywheel joints, visible pistons and servo mechanisms, sturdy industrial craftsmanship. Entire subject fits within 800 by 700 pixels with nominal bottom anchor y=850; generous empty margins, no clipping. Orthographic three-quarter isometric, approximately 30 degrees elevation, clearly facing lower-right. Transparent alpha only if genuinely supported; otherwise perfectly flat solid #20242A background, no gradient, no floor, no scenery, no vignette, no background cast shadow, no checkerboard. No text, logos or watermarks.",image-01,/Users/howard/output/mirmicode/rts-art-v2/buildings/ohmypi-barracks-05.png,success,,0.0035
buildings/neutral-barracks-05.png,buildings,neutral,"ORIGINAL premium isometric RTS game asset for mirmicode. Subject: barracks (building). Faction vibe: shared utility matte gray-teal no faction crest. Three-quarter isometric camera, 30 degree elevation, facing lower-right, soft upper-left key light, crisp readable silhouette, single centered subject on 1024x1024 canvas, transparent PNG alpha background preferred, no franchise IP, no logos, no text, no watermark, production game art. Art direction: Shared utilitarian matte gray-teal equipment, restrained metal materials, no faction crest or faction-specific crystal, foliage or brass ornament. Entire subject fits within 800 by 700 pixels with nominal bottom anchor y=850; generous empty margins, no clipping. Orthographic three-quarter isometric, approximately 30 degrees elevation, clearly facing lower-right. Transparent alpha only if genuinely supported; otherwise perfectly flat solid #20242A background, no gradient, no floor, no scenery, no vignette, no background cast shadow, no checkerboard. No text, logos or watermarks.",image-01,/Users/howard/output/mirmicode/rts-art-v2/buildings/neutral-barracks-05.png,success,,0.0035
buildings/cursor-lab-06.png,buildings,cursor,"ORIGINAL premium isometric RTS game asset for mirmicode. Subject: lab (building). Faction vibe: angular crystalline cyan-slate sharp facets. Three-quarter isometric camera, 30 degree elevation, facing lower-right, soft upper-left key light, crisp readable silhouette, single centered subject on 1024x1024 canvas, transparent PNG alpha background preferred, no franchise IP, no logos, no text, no watermark, production game art. Art direction: Dark slate beveled armor framing luminous cyan crystal shards, angular triangular negative spaces, articulated blade-like limbs; premium tactile painted metal and crystal, not neon line art. Entire subject fits within 800 by 700 pixels with nominal bottom anchor y=850; generous empty margins, no clipping. Orthographic three-quarter isometric, approximately 30 degrees elevation, clearly facing lower-right. Transparent alpha only if genuinely supported; otherwise perfectly flat solid #20242A background, no gradient, no floor, no scenery, no vignette, no background cast shadow, no checkerboard. No text, logos or watermarks.",image-01,/Users/howard/output/mirmicode/rts-art-v2/buildings/cursor-lab-06.png,success,,0.0035
buildings/codex-lab-06.png,buildings,codex,"ORIGINAL premium isometric RTS game asset for mirmicode. Subject: lab (building). Faction vibe: organic biomorphic amber-green flowing leaf forms. Three-quarter isometric camera, 30 degree elevation, facing lower-right, soft upper-left key light, crisp readable silhouette, single centered subject on 1024x1024 canvas, transparent PNG alpha background preferred, no franchise IP, no logos, no text, no watermark, production game art. Art direction: Living olive and moss-green leaf armor, pale twisting woody roots and tendrils, warm luminous amber seed core; elegant biomorphic curves and subtle leaf veins, not a metal robot painted green. Entire subject fits within 800 by 700 pixels with nominal bottom anchor y=850; generous empty margins, no clipping. Orthographic three-quarter isometric, approximately 30 degrees elevation, clearly facing lower-right. Transparent alpha only if genuinely supported; otherwise perfectly flat solid #20242A background, no gradient, no floor, no scenery, no vignette, no background cast shadow, no checkerboard. No text, logos or watermarks.",image-01,/Users/howard/output/mirmicode/rts-art-v2/buildings/codex-lab-06.png,success,,0.0035
buildings/ohmypi-lab-06.png,buildings,ohmypi,"ORIGINAL premium isometric RTS game asset for mirmicode. Subject: lab (building). Faction vibe: mechanical brass-orange steel servo industrial. Three-quarter isometric camera, 30 degree elevation, facing lower-right, soft upper-left key light, crisp readable silhouette, single centered subject on 1024x1024 canvas, transparent PNG alpha background preferred, no franchise IP, no logos, no text, no watermark, production game art. Art direction: Weathered brass, dark steel and restrained orange glow; chunky riveted shells, flywheel joints, visible pistons and servo mechanisms, sturdy industrial craftsmanship. Entire subject fits within 800 by 700 pixels with nominal bottom anchor y=850; generous empty margins, no clipping. Orthographic three-quarter isometric, approximately 30 degrees elevation, clearly facing lower-right. Transparent alpha only if genuinely supported; otherwise perfectly flat solid #20242A background, no gradient, no floor, no scenery, no vignette, no background cast shadow, no checkerboard. No text, logos or watermarks.",image-01,/Users/howard/output/mirmicode/rts-art-v2/buildings/ohmypi-lab-06.png,success,,0.0035
buildings/neutral-lab-06.png,buildings,neutral,"ORIGINAL premium isometric RTS game asset for mirmicode. Subject: lab (building). Faction vibe: shared utility matte gray-teal no faction crest. Three-quarter isometric camera, 30 degree elevation, facing lower-right, soft upper-left key light, crisp readable silhouette, single centered subject on 1024x1024 canvas, transparent PNG alpha background preferred, no franchise IP, no logos, no text, no watermark, production game art. Art direction: Shared utilitarian matte gray-teal equipment, restrained metal materials, no faction crest or faction-specific crystal, foliage or brass ornament. Entire subject fits within 800 by 700 pixels with nominal bottom anchor y=850; generous empty margins, no clipping. Orthographic three-quarter isometric, approximately 30 degrees elevation, clearly facing lower-right. Transparent alpha only if genuinely supported; otherwise perfectly flat solid #20242A background, no gradient, no floor, no scenery, no vignette, no background cast shadow, no checkerboard. No text, logos or watermarks.",image-01,/Users/howard/output/mirmicode/rts-art-v2/buildings/neutral-lab-06.png,success,,0.0035
buildings/cursor-antenna-07.png,buildings,cursor,"ORIGINAL premium isometric RTS game asset for mirmicode. Subject: antenna (building). Faction vibe: angular crystalline cyan-slate sharp facets. Three-quarter isometric camera, 30 degree elevation, facing lower-right, soft upper-left key light, crisp readable silhouette, single centered subject on 1024x1024 canvas, transparent PNG alpha background preferred, no franchise IP, no logos, no text, no watermark, production game art. Art direction: Dark slate beveled armor framing luminous cyan crystal shards, angular triangular negative spaces, articulated blade-like limbs; premium tactile painted metal and crystal, not neon line art. Entire subject fits within 800 by 700 pixels with nominal bottom anchor y=850; generous empty margins, no clipping. Orthographic three-quarter isometric, approximately 30 degrees elevation, clearly facing lower-right. Transparent alpha only if genuinely supported; otherwise perfectly flat solid #20242A background, no gradient, no floor, no scenery, no vignette, no background cast shadow, no checkerboard. No text, logos or watermarks.",image-01,/Users/howard/output/mirmicode/rts-art-v2/buildings/cursor-antenna-07.png,success,,0.0035
buildings/codex-antenna-07.png,buildings,codex,"ORIGINAL premium isometric RTS game asset for mirmicode. Subject: antenna (building). Faction vibe: organic biomorphic amber-green flowing leaf forms. Three-quarter isometric camera, 30 degree elevation, facing lower-right, soft upper-left key light, crisp readable silhouette, single centered subject on 1024x1024 canvas, transparent PNG alpha background preferred, no franchise IP, no logos, no text, no watermark, production game art. Art direction: Living olive and moss-green leaf armor, pale twisting woody roots and tendrils, warm luminous amber seed core; elegant biomorphic curves and subtle leaf veins, not a metal robot painted green. Entire subject fits within 800 by 700 pixels with nominal bottom anchor y=850; generous empty margins, no clipping. Orthographic three-quarter isometric, approximately 30 degrees elevation, clearly facing lower-right. Transparent alpha only if genuinely supported; otherwise perfectly flat solid #20242A background, no gradient, no floor, no scenery, no vignette, no background cast shadow, no checkerboard. No text, logos or watermarks.",image-01,/Users/howard/output/mirmicode/rts-art-v2/buildings/codex-antenna-07.png,success,,0.0035
buildings/ohmypi-antenna-07.png,buildings,ohmypi,"ORIGINAL premium isometric RTS game asset for mirmicode. Subject: antenna (building). Faction vibe: mechanical brass-orange steel servo industrial. Three-quarter isometric camera, 30 degree elevation, facing lower-right, soft upper-left key light, crisp readable silhouette, single centered subject on 1024x1024 canvas, transparent PNG alpha background preferred, no franchise IP, no logos, no text, no watermark, production game art. Art direction: Weathered brass, dark steel and restrained orange glow; chunky riveted shells, flywheel joints, visible pistons and servo mechanisms, sturdy industrial craftsmanship. Entire subject fits within 800 by 700 pixels with nominal bottom anchor y=850; generous empty margins, no clipping. Orthographic three-quarter isometric, approximately 30 degrees elevation, clearly facing lower-right. Transparent alpha only if genuinely supported; otherwise perfectly flat solid #20242A background, no gradient, no floor, no scenery, no vignette, no background cast shadow, no checkerboard. No text, logos or watermarks.",image-01,/Users/howard/output/mirmicode/rts-art-v2/buildings/ohmypi-antenna-07.png,success,,0.0035
buildings/neutral-antenna-07.png,buildings,neutral,"ORIGINAL premium isometric RTS game asset for mirmicode. Subject: antenna (building). Faction vibe: shared utility matte gray-teal no faction crest. Three-quarter isometric camera, 30 degree elevation, facing lower-right, soft upper-left key light, crisp readable silhouette, single centered subject on 1024x1024 canvas, transparent PNG alpha background preferred, no franchise IP, no logos, no text, no watermark, production game art. Art direction: Shared utilitarian matte gray-teal equipment, restrained metal materials, no faction crest or faction-specific crystal, foliage or brass ornament. Entire subject fits within 800 by 700 pixels with nominal bottom anchor y=850; generous empty margins, no clipping. Orthographic three-quarter isometric, approximately 30 degrees elevation, clearly facing lower-right. Transparent alpha only if genuinely supported; otherwise perfectly flat solid #20242A background, no gradient, no floor, no scenery, no vignette, no background cast shadow, no checkerboard. No text, logos or watermarks.",image-01,/Users/howard/output/mirmicode/rts-art-v2/buildings/neutral-antenna-07.png,success,,0.0035
buildings/cursor-garage-08.png,buildings,cursor,"ORIGINAL premium isometric RTS game asset for mirmicode. Subject: garage (building). Faction vibe: angular crystalline cyan-slate sharp facets. Three-quarter isometric camera, 30 degree elevation, facing lower-right, soft upper-left key light, crisp readable silhouette, single centered subject on 1024x1024 canvas, transparent PNG alpha background preferred, no franchise IP, no logos, no text, no watermark, production game art. Art direction: Dark slate beveled armor framing luminous cyan crystal shards, angular triangular negative spaces, articulated blade-like limbs; premium tactile painted metal and crystal, not neon line art. Entire subject fits within 800 by 700 pixels with nominal bottom anchor y=850; generous empty margins, no clipping. Orthographic three-quarter isometric, approximately 30 degrees elevation, clearly facing lower-right. Transparent alpha only if genuinely supported; otherwise perfectly flat solid #20242A background, no gradient, no floor, no scenery, no vignette, no background cast shadow, no checkerboard. No text, logos or watermarks.",image-01,/Users/howard/output/mirmicode/rts-art-v2/buildings/cursor-garage-08.png,success,,0.0035
buildings/codex-garage-08.png,buildings,codex,"ORIGINAL premium isometric RTS game asset for mirmicode. Subject: garage (building). Faction vibe: organic biomorphic amber-green flowing leaf forms. Three-quarter isometric camera, 30 degree elevation, facing lower-right, soft upper-left key light, crisp readable silhouette, single centered subject on 1024x1024 canvas, transparent PNG alpha background preferred, no franchise IP, no logos, no text, no watermark, production game art. Art direction: Living olive and moss-green leaf armor, pale twisting woody roots and tendrils, warm luminous amber seed core; elegant biomorphic curves and subtle leaf veins, not a metal robot painted green. Entire subject fits within 800 by 700 pixels with nominal bottom anchor y=850; generous empty margins, no clipping. Orthographic three-quarter isometric, approximately 30 degrees elevation, clearly facing lower-right. Transparent alpha only if genuinely supported; otherwise perfectly flat solid #20242A background, no gradient, no floor, no scenery, no vignette, no background cast shadow, no checkerboard. No text, logos or watermarks.",image-01,/Users/howard/output/mirmicode/rts-art-v2/buildings/codex-garage-08.png,success,,0.0035
buildings/ohmypi-garage-08.png,buildings,ohmypi,"ORIGINAL premium isometric RTS game asset for mirmicode. Subject: garage (building). Faction vibe: mechanical brass-orange steel servo industrial. Three-quarter isometric camera, 30 degree elevation, facing lower-right, soft upper-left key light, crisp readable silhouette, single centered subject on 1024x1024 canvas, transparent PNG alpha background preferred, no franchise IP, no logos, no text, no watermark, production game art. Art direction: Weathered brass, dark steel and restrained orange glow; chunky riveted shells, flywheel joints, visible pistons and servo mechanisms, sturdy industrial craftsmanship. Entire subject fits within 800 by 700 pixels with nominal bottom anchor y=850; generous empty margins, no clipping. Orthographic three-quarter isometric, approximately 30 degrees elevation, clearly facing lower-right. Transparent alpha only if genuinely supported; otherwise perfectly flat solid #20242A background, no gradient, no floor, no scenery, no vignette, no background cast shadow, no checkerboard. No text, logos or watermarks.",image-01,/Users/howard/output/mirmicode/rts-art-v2/buildings/ohmypi-garage-08.png,success,,0.0035
buildings/neutral-garage-08.png,buildings,neutral,"ORIGINAL premium isometric RTS game asset for mirmicode. Subject: garage (building). Faction vibe: shared utility matte gray-teal no faction crest. Three-quarter isometric camera, 30 degree elevation, facing lower-right, soft upper-left key light, crisp readable silhouette, single centered subject on 1024x1024 canvas, transparent PNG alpha background preferred, no franchise IP, no logos, no text, no watermark, production game art. Art direction: Shared utilitarian matte gray-teal equipment, restrained metal materials, no faction crest or faction-specific crystal, foliage or brass ornament. Entire subject fits within 800 by 700 pixels with nominal bottom anchor y=850; generous empty margins, no clipping. Orthographic three-quarter isometric, approximately 30 degrees elevation, clearly facing lower-right. Transparent alpha only if genuinely supported; otherwise perfectly flat solid #20242A background, no gradient, no floor, no scenery, no vignette, no background cast shadow, no checkerboard. No text, logos or watermarks.",image-01,/Users/howard/output/mirmicode/rts-art-v2/buildings/neutral-garage-08.png,success,,0.0035
buildings/cursor-silo-09.png,buildings,cursor,"ORIGINAL premium isometric RTS game asset for mirmicode. Subject: silo (building). Faction vibe: angular crystalline cyan-slate sharp facets. Three-quarter isometric camera, 30 degree elevation, facing lower-right, soft upper-left key light, crisp readable silhouette, single centered subject on 1024x1024 canvas, transparent PNG alpha background preferred, no franchise IP, no logos, no text, no watermark, production game art. Art direction: Dark slate beveled armor framing luminous cyan crystal shards, angular triangular negative spaces, articulated blade-like limbs; premium tactile painted metal and crystal, not neon line art. Entire subject fits within 800 by 700 pixels with nominal bottom anchor y=850; generous empty margins, no clipping. Orthographic three-quarter isometric, approximately 30 degrees elevation, clearly facing lower-right. Transparent alpha only if genuinely supported; otherwise perfectly flat solid #20242A background, no gradient, no floor, no scenery, no vignette, no background cast shadow, no checkerboard. No text, logos or watermarks.",image-01,/Users/howard/output/mirmicode/rts-art-v2/buildings/cursor-silo-09.png,success,,0.0035
buildings/codex-silo-09.png,buildings,codex,"ORIGINAL premium isometric RTS game asset for mirmicode. Subject: silo (building). Faction vibe: organic biomorphic amber-green flowing leaf forms. Three-quarter isometric camera, 30 degree elevation, facing lower-right, soft upper-left key light, crisp readable silhouette, single centered subject on 1024x1024 canvas, transparent PNG alpha background preferred, no franchise IP, no logos, no text, no watermark, production game art. Art direction: Living olive and moss-green leaf armor, pale twisting woody roots and tendrils, warm luminous amber seed core; elegant biomorphic curves and subtle leaf veins, not a metal robot painted green. Entire subject fits within 800 by 700 pixels with nominal bottom anchor y=850; generous empty margins, no clipping. Orthographic three-quarter isometric, approximately 30 degrees elevation, clearly facing lower-right. Transparent alpha only if genuinely supported; otherwise perfectly flat solid #20242A background, no gradient, no floor, no scenery, no vignette, no background cast shadow, no checkerboard. No text, logos or watermarks.",image-01,/Users/howard/output/mirmicode/rts-art-v2/buildings/codex-silo-09.png,success,,0.0035
buildings/ohmypi-silo-09.png,buildings,ohmypi,"ORIGINAL premium isometric RTS game asset for mirmicode. Subject: silo (building). Faction vibe: mechanical brass-orange steel servo industrial. Three-quarter isometric camera, 30 degree elevation, facing lower-right, soft upper-left key light, crisp readable silhouette, single centered subject on 1024x1024 canvas, transparent PNG alpha background preferred, no franchise IP, no logos, no text, no watermark, production game art. Art direction: Weathered brass, dark steel and restrained orange glow; chunky riveted shells, flywheel joints, visible pistons and servo mechanisms, sturdy industrial craftsmanship. Entire subject fits within 800 by 700 pixels with nominal bottom anchor y=850; generous empty margins, no clipping. Orthographic three-quarter isometric, approximately 30 degrees elevation, clearly facing lower-right. Transparent alpha only if genuinely supported; otherwise perfectly flat solid #20242A background, no gradient, no floor, no scenery, no vignette, no background cast shadow, no checkerboard. No text, logos or watermarks.",image-01,/Users/howard/output/mirmicode/rts-art-v2/buildings/ohmypi-silo-09.png,success,,0.0035
buildings/neutral-silo-09.png,buildings,neutral,"ORIGINAL premium isometric RTS game asset for mirmicode. Subject: silo (building). Faction vibe: shared utility matte gray-teal no faction crest. Three-quarter isometric camera, 30 degree elevation, facing lower-right, soft upper-left key light, crisp readable silhouette, single centered subject on 1024x1024 canvas, transparent PNG alpha background preferred, no franchise IP, no logos, no text, no watermark, production game art. Art direction: Shared utilitarian matte gray-teal equipment, restrained metal materials, no faction crest or faction-specific crystal, foliage or brass ornament. Entire subject fits within 800 by 700 pixels with nominal bottom anchor y=850; generous empty margins, no clipping. Orthographic three-quarter isometric, approximately 30 degrees elevation, clearly facing lower-right. Transparent alpha only if genuinely supported; otherwise perfectly flat solid #20242A background, no gradient, no floor, no scenery, no vignette, no background cast shadow, no checkerboard. No text, logos or watermarks.",image-01,/Users/howard/output/mirmicode/rts-art-v2/buildings/neutral-silo-09.png,success,,0.0035
buildings/cursor-gate-10.png,buildings,cursor,"ORIGINAL premium isometric RTS game asset for mirmicode. Subject: gate (building). Faction vibe: angular crystalline cyan-slate sharp facets. Three-quarter isometric camera, 30 degree elevation, facing lower-right, soft upper-left key light, crisp readable silhouette, single centered subject on 1024x1024 canvas, transparent PNG alpha background preferred, no franchise IP, no logos, no text, no watermark, production game art. Art direction: Dark slate beveled armor framing luminous cyan crystal shards, angular triangular negative spaces, articulated blade-like limbs; premium tactile painted metal and crystal, not neon line art. Entire subject fits within 800 by 700 pixels with nominal bottom anchor y=850; generous empty margins, no clipping. Orthographic three-quarter isometric, approximately 30 degrees elevation, clearly facing lower-right. Transparent alpha only if genuinely supported; otherwise perfectly flat solid #20242A background, no gradient, no floor, no scenery, no vignette, no background cast shadow, no checkerboard. No text, logos or watermarks.",image-01,/Users/howard/output/mirmicode/rts-art-v2/buildings/cursor-gate-10.png,success,,0.0035
buildings/codex-gate-10.png,buildings,codex,"ORIGINAL premium isometric RTS game asset for mirmicode. Subject: gate (building). Faction vibe: organic biomorphic amber-green flowing leaf forms. Three-quarter isometric camera, 30 degree elevation, facing lower-right, soft upper-left key light, crisp readable silhouette, single centered subject on 1024x1024 canvas, transparent PNG alpha background preferred, no franchise IP, no logos, no text, no watermark, production game art. Art direction: Living olive and moss-green leaf armor, pale twisting woody roots and tendrils, warm luminous amber seed core; elegant biomorphic curves and subtle leaf veins, not a metal robot painted green. Entire subject fits within 800 by 700 pixels with nominal bottom anchor y=850; generous empty margins, no clipping. Orthographic three-quarter isometric, approximately 30 degrees elevation, clearly facing lower-right. Transparent alpha only if genuinely supported; otherwise perfectly flat solid #20242A background, no gradient, no floor, no scenery, no vignette, no background cast shadow, no checkerboard. No text, logos or watermarks.",image-01,/Users/howard/output/mirmicode/rts-art-v2/buildings/codex-gate-10.png,success,,0.0035
buildings/ohmypi-gate-10.png,buildings,ohmypi,"ORIGINAL premium isometric RTS game asset for mirmicode. Subject: gate (building). Faction vibe: mechanical brass-orange steel servo industrial. Three-quarter isometric camera, 30 degree elevation, facing lower-right, soft upper-left key light, crisp readable silhouette, single centered subject on 1024x1024 canvas, transparent PNG alpha background preferred, no franchise IP, no logos, no text, no watermark, production game art. Art direction: Weathered brass, dark steel and restrained orange glow; chunky riveted shells, flywheel joints, visible pistons and servo mechanisms, sturdy industrial craftsmanship. Entire subject fits within 800 by 700 pixels with nominal bottom anchor y=850; generous empty margins, no clipping. Orthographic three-quarter isometric, approximately 30 degrees elevation, clearly facing lower-right. Transparent alpha only if genuinely supported; otherwise perfectly flat solid #20242A background, no gradient, no floor, no scenery, no vignette, no background cast shadow, no checkerboard. No text, logos or watermarks.",image-01,/Users/howard/output/mirmicode/rts-art-v2/buildings/ohmypi-gate-10.png,success,,0.0035
buildings/neutral-gate-10.png,buildings,neutral,"ORIGINAL premium isometric RTS game asset for mirmicode. Subject: gate (building). Faction vibe: shared utility matte gray-teal no faction crest. Three-quarter isometric camera, 30 degree elevation, facing lower-right, soft upper-left key light, crisp readable silhouette, single centered subject on 1024x1024 canvas, transparent PNG alpha background preferred, no franchise IP, no logos, no text, no watermark, production game art. Art direction: Shared utilitarian matte gray-teal equipment, restrained metal materials, no faction crest or faction-specific crystal, foliage or brass ornament. Entire subject fits within 800 by 700 pixels with nominal bottom anchor y=850; generous empty margins, no clipping. Orthographic three-quarter isometric, approximately 30 degrees elevation, clearly facing lower-right. Transparent alpha only if genuinely supported; otherwise perfectly flat solid #20242A background, no gradient, no floor, no scenery, no vignette, no background cast shadow, no checkerboard. No text, logos or watermarks.",image-01,/Users/howard/output/mirmicode/rts-art-v2/buildings/neutral-gate-10.png,success,,0.0035
resources/cursor-crystal-node-01.png,resources,cursor,"ORIGINAL premium isometric RTS game asset for mirmicode. Subject: crystal node (resource). Faction vibe: angular crystalline cyan-slate sharp facets. Three-quarter isometric camera, 30 degree elevation, facing lower-right, soft upper-left key light, crisp readable silhouette, single centered subject on 1024x1024 canvas, transparent PNG alpha background preferred, no franchise IP, no logos, no text, no watermark, production game art. Art direction: Dark slate beveled armor framing luminous cyan crystal shards, angular triangular negative spaces, articulated blade-like limbs; premium tactile painted metal and crystal, not neon line art. Entire subject fits within 800 by 700 pixels with nominal bottom anchor y=850; generous empty margins, no clipping. Orthographic three-quarter isometric, approximately 30 degrees elevation, clearly facing lower-right. Transparent alpha only if genuinely supported; otherwise perfectly flat solid #20242A background, no gradient, no floor, no scenery, no vignette, no background cast shadow, no checkerboard. No text, logos or watermarks.",image-01,/Users/howard/output/mirmicode/rts-art-v2/resources/cursor-crystal-node-01.png,success,,0.0035
resources/codex-crystal-node-01.png,resources,codex,"ORIGINAL premium isometric RTS game asset for mirmicode. Subject: crystal node (resource). Faction vibe: organic biomorphic amber-green flowing leaf forms. Three-quarter isometric camera, 30 degree elevation, facing lower-right, soft upper-left key light, crisp readable silhouette, single centered subject on 1024x1024 canvas, transparent PNG alpha background preferred, no franchise IP, no logos, no text, no watermark, production game art. Art direction: Living olive and moss-green leaf armor, pale twisting woody roots and tendrils, warm luminous amber seed core; elegant biomorphic curves and subtle leaf veins, not a metal robot painted green. Entire subject fits within 800 by 700 pixels with nominal bottom anchor y=850; generous empty margins, no clipping. Orthographic three-quarter isometric, approximately 30 degrees elevation, clearly facing lower-right. Transparent alpha only if genuinely supported; otherwise perfectly flat solid #20242A background, no gradient, no floor, no scenery, no vignette, no background cast shadow, no checkerboard. No text, logos or watermarks.",image-01,/Users/howard/output/mirmicode/rts-art-v2/resources/codex-crystal-node-01.png,success,,0.0035
resources/ohmypi-crystal-node-01.png,resources,ohmypi,"ORIGINAL premium isometric RTS game asset for mirmicode. Subject: crystal node (resource). Faction vibe: mechanical brass-orange steel servo industrial. Three-quarter isometric camera, 30 degree elevation, facing lower-right, soft upper-left key light, crisp readable silhouette, single centered subject on 1024x1024 canvas, transparent PNG alpha background preferred, no franchise IP, no logos, no text, no watermark, production game art. Art direction: Weathered brass, dark steel and restrained orange glow; chunky riveted shells, flywheel joints, visible pistons and servo mechanisms, sturdy industrial craftsmanship. Entire subject fits within 800 by 700 pixels with nominal bottom anchor y=850; generous empty margins, no clipping. Orthographic three-quarter isometric, approximately 30 degrees elevation, clearly facing lower-right. Transparent alpha only if genuinely supported; otherwise perfectly flat solid #20242A background, no gradient, no floor, no scenery, no vignette, no background cast shadow, no checkerboard. No text, logos or watermarks.",image-01,/Users/howard/output/mirmicode/rts-art-v2/resources/ohmypi-crystal-node-01.png,success,,0.0035
resources/neutral-crystal-node-01.png,resources,neutral,"ORIGINAL premium isometric RTS game asset for mirmicode. Subject: crystal node (resource). Faction vibe: shared utility matte gray-teal no faction crest. Three-quarter isometric camera, 30 degree elevation, facing lower-right, soft upper-left key light, crisp readable silhouette, single centered subject on 1024x1024 canvas, transparent PNG alpha background preferred, no franchise IP, no logos, no text, no watermark, production game art. Art direction: Shared utilitarian matte gray-teal equipment, restrained metal materials, no faction crest or faction-specific crystal, foliage or brass ornament. Entire subject fits within 800 by 700 pixels with nominal bottom anchor y=850; generous empty margins, no clipping. Orthographic three-quarter isometric, approximately 30 degrees elevation, clearly facing lower-right. Transparent alpha only if genuinely supported; otherwise perfectly flat solid #20242A background, no gradient, no floor, no scenery, no vignette, no background cast shadow, no checkerboard. No text, logos or watermarks.",image-01,/Users/howard/output/mirmicode/rts-art-v2/resources/neutral-crystal-node-01.png,success,,0.0035
resources/cursor-biomass-pod-02.png,resources,cursor,"ORIGINAL premium isometric RTS game asset for mirmicode. Subject: biomass pod (resource). Faction vibe: angular crystalline cyan-slate sharp facets. Three-quarter isometric camera, 30 degree elevation, facing lower-right, soft upper-left key light, crisp readable silhouette, single centered subject on 1024x1024 canvas, transparent PNG alpha background preferred, no franchise IP, no logos, no text, no watermark, production game art. Art direction: Dark slate beveled armor framing luminous cyan crystal shards, angular triangular negative spaces, articulated blade-like limbs; premium tactile painted metal and crystal, not neon line art. Entire subject fits within 800 by 700 pixels with nominal bottom anchor y=850; generous empty margins, no clipping. Orthographic three-quarter isometric, approximately 30 degrees elevation, clearly facing lower-right. Transparent alpha only if genuinely supported; otherwise perfectly flat solid #20242A background, no gradient, no floor, no scenery, no vignette, no background cast shadow, no checkerboard. No text, logos or watermarks.",image-01,/Users/howard/output/mirmicode/rts-art-v2/resources/cursor-biomass-pod-02.png,success,,0.0035
resources/codex-biomass-pod-02.png,resources,codex,"ORIGINAL premium isometric RTS game asset for mirmicode. Subject: biomass pod (resource). Faction vibe: organic biomorphic amber-green flowing leaf forms. Three-quarter isometric camera, 30 degree elevation, facing lower-right, soft upper-left key light, crisp readable silhouette, single centered subject on 1024x1024 canvas, transparent PNG alpha background preferred, no franchise IP, no logos, no text, no watermark, production game art. Art direction: Living olive and moss-green leaf armor, pale twisting woody roots and tendrils, warm luminous amber seed core; elegant biomorphic curves and subtle leaf veins, not a metal robot painted green. Entire subject fits within 800 by 700 pixels with nominal bottom anchor y=850; generous empty margins, no clipping. Orthographic three-quarter isometric, approximately 30 degrees elevation, clearly facing lower-right. Transparent alpha only if genuinely supported; otherwise perfectly flat solid #20242A background, no gradient, no floor, no scenery, no vignette, no background cast shadow, no checkerboard. No text, logos or watermarks.",image-01,/Users/howard/output/mirmicode/rts-art-v2/resources/codex-biomass-pod-02.png,success,,0.0035
resources/ohmypi-biomass-pod-02.png,resources,ohmypi,"ORIGINAL premium isometric RTS game asset for mirmicode. Subject: biomass pod (resource). Faction vibe: mechanical brass-orange steel servo industrial. Three-quarter isometric camera, 30 degree elevation, facing lower-right, soft upper-left key light, crisp readable silhouette, single centered subject on 1024x1024 canvas, transparent PNG alpha background preferred, no franchise IP, no logos, no text, no watermark, production game art. Art direction: Weathered brass, dark steel and restrained orange glow; chunky riveted shells, flywheel joints, visible pistons and servo mechanisms, sturdy industrial craftsmanship. Entire subject fits within 800 by 700 pixels with nominal bottom anchor y=850; generous empty margins, no clipping. Orthographic three-quarter isometric, approximately 30 degrees elevation, clearly facing lower-right. Transparent alpha only if genuinely supported; otherwise perfectly flat solid #20242A background, no gradient, no floor, no scenery, no vignette, no background cast shadow, no checkerboard. No text, logos or watermarks.",image-01,/Users/howard/output/mirmicode/rts-art-v2/resources/ohmypi-biomass-pod-02.png,success,,0.0035
resources/neutral-biomass-pod-02.png,resources,neutral,"ORIGINAL premium isometric RTS game asset for mirmicode. Subject: biomass pod (resource). Faction vibe: shared utility matte gray-teal no faction crest. Three-quarter isometric camera, 30 degree elevation, facing lower-right, soft upper-left key light, crisp readable silhouette, single centered subject on 1024x1024 canvas, transparent PNG alpha background preferred, no franchise IP, no logos, no text, no watermark, production game art. Art direction: Shared utilitarian matte gray-teal equipment, restrained metal materials, no faction crest or faction-specific crystal, foliage or brass ornament. Entire subject fits within 800 by 700 pixels with nominal bottom anchor y=850; generous empty margins, no clipping. Orthographic three-quarter isometric, approximately 30 degrees elevation, clearly facing lower-right. Transparent alpha only if genuinely supported; otherwise perfectly flat solid #20242A background, no gradient, no floor, no scenery, no vignette, no background cast shadow, no checkerboard. No text, logos or watermarks.",image-01,/Users/howard/output/mirmicode/rts-art-v2/resources/neutral-biomass-pod-02.png,success,,0.0035
resources/cursor-scrap-pile-03.png,resources,cursor,"ORIGINAL premium isometric RTS game asset for mirmicode. Subject: scrap pile (resource). Faction vibe: angular crystalline cyan-slate sharp facets. Three-quarter isometric camera, 30 degree elevation, facing lower-right, soft upper-left key light, crisp readable silhouette, single centered subject on 1024x1024 canvas, transparent PNG alpha background preferred, no franchise IP, no logos, no text, no watermark, production game art. Art direction: Dark slate beveled armor framing luminous cyan crystal shards, angular triangular negative spaces, articulated blade-like limbs; premium tactile painted metal and crystal, not neon line art. Entire subject fits within 800 by 700 pixels with nominal bottom anchor y=850; generous empty margins, no clipping. Orthographic three-quarter isometric, approximately 30 degrees elevation, clearly facing lower-right. Transparent alpha only if genuinely supported; otherwise perfectly flat solid #20242A background, no gradient, no floor, no scenery, no vignette, no background cast shadow, no checkerboard. No text, logos or watermarks.",image-01,/Users/howard/output/mirmicode/rts-art-v2/resources/cursor-scrap-pile-03.png,success,,0.0035
resources/codex-scrap-pile-03.png,resources,codex,"ORIGINAL premium isometric RTS game asset for mirmicode. Subject: scrap pile (resource). Faction vibe: organic biomorphic amber-green flowing leaf forms. Three-quarter isometric camera, 30 degree elevation, facing lower-right, soft upper-left key light, crisp readable silhouette, single centered subject on 1024x1024 canvas, transparent PNG alpha background preferred, no franchise IP, no logos, no text, no watermark, production game art. Art direction: Living olive and moss-green leaf armor, pale twisting woody roots and tendrils, warm luminous amber seed core; elegant biomorphic curves and subtle leaf veins, not a metal robot painted green. Entire subject fits within 800 by 700 pixels with nominal bottom anchor y=850; generous empty margins, no clipping. Orthographic three-quarter isometric, approximately 30 degrees elevation, clearly facing lower-right. Transparent alpha only if genuinely supported; otherwise perfectly flat solid #20242A background, no gradient, no floor, no scenery, no vignette, no background cast shadow, no checkerboard. No text, logos or watermarks.",image-01,/Users/howard/output/mirmicode/rts-art-v2/resources/codex-scrap-pile-03.png,success,,0.0035
resources/ohmypi-scrap-pile-03.png,resources,ohmypi,"ORIGINAL premium isometric RTS game asset for mirmicode. Subject: scrap pile (resource). Faction vibe: mechanical brass-orange steel servo industrial. Three-quarter isometric camera, 30 degree elevation, facing lower-right, soft upper-left key light, crisp readable silhouette, single centered subject on 1024x1024 canvas, transparent PNG alpha background preferred, no franchise IP, no logos, no text, no watermark, production game art. Art direction: Weathered brass, dark steel and restrained orange glow; chunky riveted shells, flywheel joints, visible pistons and servo mechanisms, sturdy industrial craftsmanship. Entire subject fits within 800 by 700 pixels with nominal bottom anchor y=850; generous empty margins, no clipping. Orthographic three-quarter isometric, approximately 30 degrees elevation, clearly facing lower-right. Transparent alpha only if genuinely supported; otherwise perfectly flat solid #20242A background, no gradient, no floor, no scenery, no vignette, no background cast shadow, no checkerboard. No text, logos or watermarks.",image-01,/Users/howard/output/mirmicode/rts-art-v2/resources/ohmypi-scrap-pile-03.png,success,,0.0035
resources/neutral-scrap-pile-03.png,resources,neutral,"ORIGINAL premium isometric RTS game asset for mirmicode. Subject: scrap pile (resource). Faction vibe: shared utility matte gray-teal no faction crest. Three-quarter isometric camera, 30 degree elevation, facing lower-right, soft upper-left key light, crisp readable silhouette, single centered subject on 1024x1024 canvas, transparent PNG alpha background preferred, no franchise IP, no logos, no text, no watermark, production game art. Art direction: Shared utilitarian matte gray-teal equipment, restrained metal materials, no faction crest or faction-specific crystal, foliage or brass ornament. Entire subject fits within 800 by 700 pixels with nominal bottom anchor y=850; generous empty margins, no clipping. Orthographic three-quarter isometric, approximately 30 degrees elevation, clearly facing lower-right. Transparent alpha only if genuinely supported; otherwise perfectly flat solid #20242A background, no gradient, no floor, no scenery, no vignette, no background cast shadow, no checkerboard. No text, logos or watermarks.",image-01,/Users/howard/output/mirmicode/rts-art-v2/resources/neutral-scrap-pile-03.png,success,,0.0035
resources/cursor-power-cell-04.png,resources,cursor,"ORIGINAL premium isometric RTS game asset for mirmicode. Subject: power cell (resource). Faction vibe: angular crystalline cyan-slate sharp facets. Three-quarter isometric camera, 30 degree elevation, facing lower-right, soft upper-left key light, crisp readable silhouette, single centered subject on 1024x1024 canvas, transparent PNG alpha background preferred, no franchise IP, no logos, no text, no watermark, production game art. Art direction: Dark slate beveled armor framing luminous cyan crystal shards, angular triangular negative spaces, articulated blade-like limbs; premium tactile painted metal and crystal, not neon line art. Entire subject fits within 800 by 700 pixels with nominal bottom anchor y=850; generous empty margins, no clipping. Orthographic three-quarter isometric, approximately 30 degrees elevation, clearly facing lower-right. Transparent alpha only if genuinely supported; otherwise perfectly flat solid #20242A background, no gradient, no floor, no scenery, no vignette, no background cast shadow, no checkerboard. No text, logos or watermarks.",image-01,/Users/howard/output/mirmicode/rts-art-v2/resources/cursor-power-cell-04.png,success,,0.0035
resources/codex-power-cell-04.png,resources,codex,"ORIGINAL premium isometric RTS game asset for mirmicode. Subject: power cell (resource). Faction vibe: organic biomorphic amber-green flowing leaf forms. Three-quarter isometric camera, 30 degree elevation, facing lower-right, soft upper-left key light, crisp readable silhouette, single centered subject on 1024x1024 canvas, transparent PNG alpha background preferred, no franchise IP, no logos, no text, no watermark, production game art. Art direction: Living olive and moss-green leaf armor, pale twisting woody roots and tendrils, warm luminous amber seed core; elegant biomorphic curves and subtle leaf veins, not a metal robot painted green. Entire subject fits within 800 by 700 pixels with nominal bottom anchor y=850; generous empty margins, no clipping. Orthographic three-quarter isometric, approximately 30 degrees elevation, clearly facing lower-right. Transparent alpha only if genuinely supported; otherwise perfectly flat solid #20242A background, no gradient, no floor, no scenery, no vignette, no background cast shadow, no checkerboard. No text, logos or watermarks.",image-01,/Users/howard/output/mirmicode/rts-art-v2/resources/codex-power-cell-04.png,success,,0.0035
resources/ohmypi-power-cell-04.png,resources,ohmypi,"ORIGINAL premium isometric RTS game asset for mirmicode. Subject: power cell (resource). Faction vibe: mechanical brass-orange steel servo industrial. Three-quarter isometric camera, 30 degree elevation, facing lower-right, soft upper-left key light, crisp readable silhouette, single centered subject on 1024x1024 canvas, transparent PNG alpha background preferred, no franchise IP, no logos, no text, no watermark, production game art. Art direction: Weathered brass, dark steel and restrained orange glow; chunky riveted shells, flywheel joints, visible pistons and servo mechanisms, sturdy industrial craftsmanship. Entire subject fits within 800 by 700 pixels with nominal bottom anchor y=850; generous empty margins, no clipping. Orthographic three-quarter isometric, approximately 30 degrees elevation, clearly facing lower-right. Transparent alpha only if genuinely supported; otherwise perfectly flat solid #20242A background, no gradient, no floor, no scenery, no vignette, no background cast shadow, no checkerboard. No text, logos or watermarks.",image-01,/Users/howard/output/mirmicode/rts-art-v2/resources/ohmypi-power-cell-04.png,success,,0.0035
resources/neutral-power-cell-04.png,resources,neutral,"ORIGINAL premium isometric RTS game asset for mirmicode. Subject: power cell (resource). Faction vibe: shared utility matte gray-teal no faction crest. Three-quarter isometric camera, 30 degree elevation, facing lower-right, soft upper-left key light, crisp readable silhouette, single centered subject on 1024x1024 canvas, transparent PNG alpha background preferred, no franchise IP, no logos, no text, no watermark, production game art. Art direction: Shared utilitarian matte gray-teal equipment, restrained metal materials, no faction crest or faction-specific crystal, foliage or brass ornament. Entire subject fits within 800 by 700 pixels with nominal bottom anchor y=850; generous empty margins, no clipping. Orthographic three-quarter isometric, approximately 30 degrees elevation, clearly facing lower-right. Transparent alpha only if genuinely supported; otherwise perfectly flat solid #20242A background, no gradient, no floor, no scenery, no vignette, no background cast shadow, no checkerboard. No text, logos or watermarks.",image-01,/Users/howard/output/mirmicode/rts-art-v2/resources/neutral-power-cell-04.png,success,,0.0035
resources/cursor-ammo-crate-05.png,resources,cursor,"ORIGINAL premium isometric RTS game asset for mirmicode. Subject: ammo crate (resource). Faction vibe: angular crystalline cyan-slate sharp facets. Three-quarter isometric camera, 30 degree elevation, facing lower-right, soft upper-left key light, crisp readable silhouette, single centered subject on 1024x1024 canvas, transparent PNG alpha background preferred, no franchise IP, no logos, no text, no watermark, production game art. Art direction: Dark slate beveled armor framing luminous cyan crystal shards, angular triangular negative spaces, articulated blade-like limbs; premium tactile painted metal and crystal, not neon line art. Entire subject fits within 800 by 700 pixels with nominal bottom anchor y=850; generous empty margins, no clipping. Orthographic three-quarter isometric, approximately 30 degrees elevation, clearly facing lower-right. Transparent alpha only if genuinely supported; otherwise perfectly flat solid #20242A background, no gradient, no floor, no scenery, no vignette, no background cast shadow, no checkerboard. No text, logos or watermarks.",image-01,/Users/howard/output/mirmicode/rts-art-v2/resources/cursor-ammo-crate-05.png,success,,0.0035
resources/codex-ammo-crate-05.png,resources,codex,"ORIGINAL premium isometric RTS game asset for mirmicode. Subject: ammo crate (resource). Faction vibe: organic biomorphic amber-green flowing leaf forms. Three-quarter isometric camera, 30 degree elevation, facing lower-right, soft upper-left key light, crisp readable silhouette, single centered subject on 1024x1024 canvas, transparent PNG alpha background preferred, no franchise IP, no logos, no text, no watermark, production game art. Art direction: Living olive and moss-green leaf armor, pale twisting woody roots and tendrils, warm luminous amber seed core; elegant biomorphic curves and subtle leaf veins, not a metal robot painted green. Entire subject fits within 800 by 700 pixels with nominal bottom anchor y=850; generous empty margins, no clipping. Orthographic three-quarter isometric, approximately 30 degrees elevation, clearly facing lower-right. Transparent alpha only if genuinely supported; otherwise perfectly flat solid #20242A background, no gradient, no floor, no scenery, no vignette, no background cast shadow, no checkerboard. No text, logos or watermarks.",image-01,/Users/howard/output/mirmicode/rts-art-v2/resources/codex-ammo-crate-05.png,success,,0.0035
resources/ohmypi-ammo-crate-05.png,resources,ohmypi,"ORIGINAL premium isometric RTS game asset for mirmicode. Subject: ammo crate (resource). Faction vibe: mechanical brass-orange steel servo industrial. Three-quarter isometric camera, 30 degree elevation, facing lower-right, soft upper-left key light, crisp readable silhouette, single centered subject on 1024x1024 canvas, transparent PNG alpha background preferred, no franchise IP, no logos, no text, no watermark, production game art. Art direction: Weathered brass, dark steel and restrained orange glow; chunky riveted shells, flywheel joints, visible pistons and servo mechanisms, sturdy industrial craftsmanship. Entire subject fits within 800 by 700 pixels with nominal bottom anchor y=850; generous empty margins, no clipping. Orthographic three-quarter isometric, approximately 30 degrees elevation, clearly facing lower-right. Transparent alpha only if genuinely supported; otherwise perfectly flat solid #20242A background, no gradient, no floor, no scenery, no vignette, no background cast shadow, no checkerboard. No text, logos or watermarks.",image-01,/Users/howard/output/mirmicode/rts-art-v2/resources/ohmypi-ammo-crate-05.png,success,,0.0035
resources/neutral-ammo-crate-05.png,resources,neutral,"ORIGINAL premium isometric RTS game asset for mirmicode. Subject: ammo crate (resource). Faction vibe: shared utility matte gray-teal no faction crest. Three-quarter isometric camera, 30 degree elevation, facing lower-right, soft upper-left key light, crisp readable silhouette, single centered subject on 1024x1024 canvas, transparent PNG alpha background preferred, no franchise IP, no logos, no text, no watermark, production game art. Art direction: Shared utilitarian matte gray-teal equipment, restrained metal materials, no faction crest or faction-specific crystal, foliage or brass ornament. Entire subject fits within 800 by 700 pixels with nominal bottom anchor y=850; generous empty margins, no clipping. Orthographic three-quarter isometric, approximately 30 degrees elevation, clearly facing lower-right. Transparent alpha only if genuinely supported; otherwise perfectly flat solid #20242A background, no gradient, no floor, no scenery, no vignette, no background cast shadow, no checkerboard. No text, logos or watermarks.",image-01,/Users/howard/output/mirmicode/rts-art-v2/resources/neutral-ammo-crate-05.png,success,,0.0035
resources/cursor-data-core-06.png,resources,cursor,"ORIGINAL premium isometric RTS game asset for mirmicode. Subject: data core (resource). Faction vibe: angular crystalline cyan-slate sharp facets. Three-quarter isometric camera, 30 degree elevation, facing lower-right, soft upper-left key light, crisp readable silhouette, single centered subject on 1024x1024 canvas, transparent PNG alpha background preferred, no franchise IP, no logos, no text, no watermark, production game art. Art direction: Dark slate beveled armor framing luminous cyan crystal shards, angular triangular negative spaces, articulated blade-like limbs; premium tactile painted metal and crystal, not neon line art. Entire subject fits within 800 by 700 pixels with nominal bottom anchor y=850; generous empty margins, no clipping. Orthographic three-quarter isometric, approximately 30 degrees elevation, clearly facing lower-right. Transparent alpha only if genuinely supported; otherwise perfectly flat solid #20242A background, no gradient, no floor, no scenery, no vignette, no background cast shadow, no checkerboard. No text, logos or watermarks.",image-01,/Users/howard/output/mirmicode/rts-art-v2/resources/cursor-data-core-06.png,success,,0.0035
resources/codex-data-core-06.png,resources,codex,"ORIGINAL premium isometric RTS game asset for mirmicode. Subject: data core (resource). Faction vibe: organic biomorphic amber-green flowing leaf forms. Three-quarter isometric camera, 30 degree elevation, facing lower-right, soft upper-left key light, crisp readable silhouette, single centered subject on 1024x1024 canvas, transparent PNG alpha background preferred, no franchise IP, no logos, no text, no watermark, production game art. Art direction: Living olive and moss-green leaf armor, pale twisting woody roots and tendrils, warm luminous amber seed core; elegant biomorphic curves and subtle leaf veins, not a metal robot painted green. Entire subject fits within 800 by 700 pixels with nominal bottom anchor y=850; generous empty margins, no clipping. Orthographic three-quarter isometric, approximately 30 degrees elevation, clearly facing lower-right. Transparent alpha only if genuinely supported; otherwise perfectly flat solid #20242A background, no gradient, no floor, no scenery, no vignette, no background cast shadow, no checkerboard. No text, logos or watermarks.",image-01,/Users/howard/output/mirmicode/rts-art-v2/resources/codex-data-core-06.png,success,,0.0035
resources/ohmypi-data-core-06.png,resources,ohmypi,"ORIGINAL premium isometric RTS game asset for mirmicode. Subject: data core (resource). Faction vibe: mechanical brass-orange steel servo industrial. Three-quarter isometric camera, 30 degree elevation, facing lower-right, soft upper-left key light, crisp readable silhouette, single centered subject on 1024x1024 canvas, transparent PNG alpha background preferred, no franchise IP, no logos, no text, no watermark, production game art. Art direction: Weathered brass, dark steel and restrained orange glow; chunky riveted shells, flywheel joints, visible pistons and servo mechanisms, sturdy industrial craftsmanship. Entire subject fits within 800 by 700 pixels with nominal bottom anchor y=850; generous empty margins, no clipping. Orthographic three-quarter isometric, approximately 30 degrees elevation, clearly facing lower-right. Transparent alpha only if genuinely supported; otherwise perfectly flat solid #20242A background, no gradient, no floor, no scenery, no vignette, no background cast shadow, no checkerboard. No text, logos or watermarks.",image-01,/Users/howard/output/mirmicode/rts-art-v2/resources/ohmypi-data-core-06.png,success,,0.0035
resources/neutral-data-core-06.png,resources,neutral,"ORIGINAL premium isometric RTS game asset for mirmicode. Subject: data core (resource). Faction vibe: shared utility matte gray-teal no faction crest. Three-quarter isometric camera, 30 degree elevation, facing lower-right, soft upper-left key light, crisp readable silhouette, single centered subject on 1024x1024 canvas, transparent PNG alpha background preferred, no franchise IP, no logos, no text, no watermark, production game art. Art direction: Shared utilitarian matte gray-teal equipment, restrained metal materials, no faction crest or faction-specific crystal, foliage or brass ornament. Entire subject fits within 800 by 700 pixels with nominal bottom anchor y=850; generous empty margins, no clipping. Orthographic three-quarter isometric, approximately 30 degrees elevation, clearly facing lower-right. Transparent alpha only if genuinely supported; otherwise perfectly flat solid #20242A background, no gradient, no floor, no scenery, no vignette, no background cast shadow, no checkerboard. No text, logos or watermarks.",image-01,/Users/howard/output/mirmicode/rts-art-v2/resources/neutral-data-core-06.png,success,,0.0035
resources/cursor-fuel-drum-07.png,resources,cursor,"ORIGINAL premium isometric RTS game asset for mirmicode. Subject: fuel drum (resource). Faction vibe: angular crystalline cyan-slate sharp facets. Three-quarter isometric camera, 30 degree elevation, facing lower-right, soft upper-left key light, crisp readable silhouette, single centered subject on 1024x1024 canvas, transparent PNG alpha background preferred, no franchise IP, no logos, no text, no watermark, production game art. Art direction: Dark slate beveled armor framing luminous cyan crystal shards, angular triangular negative spaces, articulated blade-like limbs; premium tactile painted metal and crystal, not neon line art. Entire subject fits within 800 by 700 pixels with nominal bottom anchor y=850; generous empty margins, no clipping. Orthographic three-quarter isometric, approximately 30 degrees elevation, clearly facing lower-right. Transparent alpha only if genuinely supported; otherwise perfectly flat solid #20242A background, no gradient, no floor, no scenery, no vignette, no background cast shadow, no checkerboard. No text, logos or watermarks.",image-01,/Users/howard/output/mirmicode/rts-art-v2/resources/cursor-fuel-drum-07.png,success,,0.0035
resources/codex-fuel-drum-07.png,resources,codex,"ORIGINAL premium isometric RTS game asset for mirmicode. Subject: fuel drum (resource). Faction vibe: organic biomorphic amber-green flowing leaf forms. Three-quarter isometric camera, 30 degree elevation, facing lower-right, soft upper-left key light, crisp readable silhouette, single centered subject on 1024x1024 canvas, transparent PNG alpha background preferred, no franchise IP, no logos, no text, no watermark, production game art. Art direction: Living olive and moss-green leaf armor, pale twisting woody roots and tendrils, warm luminous amber seed core; elegant biomorphic curves and subtle leaf veins, not a metal robot painted green. Entire subject fits within 800 by 700 pixels with nominal bottom anchor y=850; generous empty margins, no clipping. Orthographic three-quarter isometric, approximately 30 degrees elevation, clearly facing lower-right. Transparent alpha only if genuinely supported; otherwise perfectly flat solid #20242A background, no gradient, no floor, no scenery, no vignette, no background cast shadow, no checkerboard. No text, logos or watermarks.",image-01,/Users/howard/output/mirmicode/rts-art-v2/resources/codex-fuel-drum-07.png,success,,0.0035
resources/ohmypi-fuel-drum-07.png,resources,ohmypi,"ORIGINAL premium isometric RTS game asset for mirmicode. Subject: fuel drum (resource). Faction vibe: mechanical brass-orange steel servo industrial. Three-quarter isometric camera, 30 degree elevation, facing lower-right, soft upper-left key light, crisp readable silhouette, single centered subject on 1024x1024 canvas, transparent PNG alpha background preferred, no franchise IP, no logos, no text, no watermark, production game art. Art direction: Weathered brass, dark steel and restrained orange glow; chunky riveted shells, flywheel joints, visible pistons and servo mechanisms, sturdy industrial craftsmanship. Entire subject fits within 800 by 700 pixels with nominal bottom anchor y=850; generous empty margins, no clipping. Orthographic three-quarter isometric, approximately 30 degrees elevation, clearly facing lower-right. Transparent alpha only if genuinely supported; otherwise perfectly flat solid #20242A background, no gradient, no floor, no scenery, no vignette, no background cast shadow, no checkerboard. No text, logos or watermarks.",image-01,/Users/howard/output/mirmicode/rts-art-v2/resources/ohmypi-fuel-drum-07.png,success,,0.0035
resources/neutral-fuel-drum-07.png,resources,neutral,"ORIGINAL premium isometric RTS game asset for mirmicode. Subject: fuel drum (resource). Faction vibe: shared utility matte gray-teal no faction crest. Three-quarter isometric camera, 30 degree elevation, facing lower-right, soft upper-left key light, crisp readable silhouette, single centered subject on 1024x1024 canvas, transparent PNG alpha background preferred, no franchise IP, no logos, no text, no watermark, production game art. Art direction: Shared utilitarian matte gray-teal equipment, restrained metal materials, no faction crest or faction-specific crystal, foliage or brass ornament. Entire subject fits within 800 by 700 pixels with nominal bottom anchor y=850; generous empty margins, no clipping. Orthographic three-quarter isometric, approximately 30 degrees elevation, clearly facing lower-right. Transparent alpha only if genuinely supported; otherwise perfectly flat solid #20242A background, no gradient, no floor, no scenery, no vignette, no background cast shadow, no checkerboard. No text, logos or watermarks.",image-01,/Users/howard/output/mirmicode/rts-art-v2/resources/neutral-fuel-drum-07.png,success,,0.0035
resources/cursor-ore-chunk-08.png,resources,cursor,"ORIGINAL premium isometric RTS game asset for mirmicode. Subject: ore chunk (resource). Faction vibe: angular crystalline cyan-slate sharp facets. Three-quarter isometric camera, 30 degree elevation, facing lower-right, soft upper-left key light, crisp readable silhouette, single centered subject on 1024x1024 canvas, transparent PNG alpha background preferred, no franchise IP, no logos, no text, no watermark, production game art. Art direction: Dark slate beveled armor framing luminous cyan crystal shards, angular triangular negative spaces, articulated blade-like limbs; premium tactile painted metal and crystal, not neon line art. Entire subject fits within 800 by 700 pixels with nominal bottom anchor y=850; generous empty margins, no clipping. Orthographic three-quarter isometric, approximately 30 degrees elevation, clearly facing lower-right. Transparent alpha only if genuinely supported; otherwise perfectly flat solid #20242A background, no gradient, no floor, no scenery, no vignette, no background cast shadow, no checkerboard. No text, logos or watermarks.",image-01,/Users/howard/output/mirmicode/rts-art-v2/resources/cursor-ore-chunk-08.png,success,,0.0035
resources/codex-ore-chunk-08.png,resources,codex,"ORIGINAL premium isometric RTS game asset for mirmicode. Subject: ore chunk (resource). Faction vibe: organic biomorphic amber-green flowing leaf forms. Three-quarter isometric camera, 30 degree elevation, facing lower-right, soft upper-left key light, crisp readable silhouette, single centered subject on 1024x1024 canvas, transparent PNG alpha background preferred, no franchise IP, no logos, no text, no watermark, production game art. Art direction: Living olive and moss-green leaf armor, pale twisting woody roots and tendrils, warm luminous amber seed core; elegant biomorphic curves and subtle leaf veins, not a metal robot painted green. Entire subject fits within 800 by 700 pixels with nominal bottom anchor y=850; generous empty margins, no clipping. Orthographic three-quarter isometric, approximately 30 degrees elevation, clearly facing lower-right. Transparent alpha only if genuinely supported; otherwise perfectly flat solid #20242A background, no gradient, no floor, no scenery, no vignette, no background cast shadow, no checkerboard. No text, logos or watermarks.",image-01,/Users/howard/output/mirmicode/rts-art-v2/resources/codex-ore-chunk-08.png,success,,0.0035
resources/ohmypi-ore-chunk-08.png,resources,ohmypi,"ORIGINAL premium isometric RTS game asset for mirmicode. Subject: ore chunk (resource). Faction vibe: mechanical brass-orange steel servo industrial. Three-quarter isometric camera, 30 degree elevation, facing lower-right, soft upper-left key light, crisp readable silhouette, single centered subject on 1024x1024 canvas, transparent PNG alpha background preferred, no franchise IP, no logos, no text, no watermark, production game art. Art direction: Weathered brass, dark steel and restrained orange glow; chunky riveted shells, flywheel joints, visible pistons and servo mechanisms, sturdy industrial craftsmanship. Entire subject fits within 800 by 700 pixels with nominal bottom anchor y=850; generous empty margins, no clipping. Orthographic three-quarter isometric, approximately 30 degrees elevation, clearly facing lower-right. Transparent alpha only if genuinely supported; otherwise perfectly flat solid #20242A background, no gradient, no floor, no scenery, no vignette, no background cast shadow, no checkerboard. No text, logos or watermarks.",image-01,/Users/howard/output/mirmicode/rts-art-v2/resources/ohmypi-ore-chunk-08.png,success,,0.0035
resources/neutral-ore-chunk-08.png,resources,neutral,"ORIGINAL premium isometric RTS game asset for mirmicode. Subject: ore chunk (resource). Faction vibe: shared utility matte gray-teal no faction crest. Three-quarter isometric camera, 30 degree elevation, facing lower-right, soft upper-left key light, crisp readable silhouette, single centered subject on 1024x1024 canvas, transparent PNG alpha background preferred, no franchise IP, no logos, no text, no watermark, production game art. Art direction: Shared utilitarian matte gray-teal equipment, restrained metal materials, no faction crest or faction-specific crystal, foliage or brass ornament. Entire subject fits within 800 by 700 pixels with nominal bottom anchor y=850; generous empty margins, no clipping. Orthographic three-quarter isometric, approximately 30 degrees elevation, clearly facing lower-right. Transparent alpha only if genuinely supported; otherwise perfectly flat solid #20242A background, no gradient, no floor, no scenery, no vignette, no background cast shadow, no checkerboard. No text, logos or watermarks.",image-01,/Users/howard/output/mirmicode/rts-art-v2/resources/neutral-ore-chunk-08.png,success,,0.0035
fx/cursor-idle-marker-01.png,fx,cursor,"ORIGINAL premium isometric RTS game asset for mirmicode. Subject: idle marker (fx). Faction vibe: angular crystalline cyan-slate sharp facets. Three-quarter isometric camera, 30 degree elevation, facing lower-right, soft upper-left key light, crisp readable silhouette, single centered subject on 1024x1024 canvas, transparent PNG alpha background preferred, no franchise IP, no logos, no text, no watermark, production game art. Art direction: Dark slate beveled armor framing luminous cyan crystal shards, angular triangular negative spaces, articulated blade-like limbs; premium tactile painted metal and crystal, not neon line art. Entire subject fits within 800 by 700 pixels with nominal bottom anchor y=850; generous empty margins, no clipping. Orthographic three-quarter isometric, approximately 30 degrees elevation, clearly facing lower-right. Transparent alpha only if genuinely supported; otherwise perfectly flat solid #20242A background, no gradient, no floor, no scenery, no vignette, no background cast shadow, no checkerboard. No text, logos or watermarks.",image-01,/Users/howard/output/mirmicode/rts-art-v2/fx/cursor-idle-marker-01.png,success,,0.0035
fx/codex-idle-marker-01.png,fx,codex,"ORIGINAL premium isometric RTS game asset for mirmicode. Subject: idle marker (fx). Faction vibe: organic biomorphic amber-green flowing leaf forms. Three-quarter isometric camera, 30 degree elevation, facing lower-right, soft upper-left key light, crisp readable silhouette, single centered subject on 1024x1024 canvas, transparent PNG alpha background preferred, no franchise IP, no logos, no text, no watermark, production game art. Art direction: Living olive and moss-green leaf armor, pale twisting woody roots and tendrils, warm luminous amber seed core; elegant biomorphic curves and subtle leaf veins, not a metal robot painted green. Entire subject fits within 800 by 700 pixels with nominal bottom anchor y=850; generous empty margins, no clipping. Orthographic three-quarter isometric, approximately 30 degrees elevation, clearly facing lower-right. Transparent alpha only if genuinely supported; otherwise perfectly flat solid #20242A background, no gradient, no floor, no scenery, no vignette, no background cast shadow, no checkerboard. No text, logos or watermarks.",image-01,/Users/howard/output/mirmicode/rts-art-v2/fx/codex-idle-marker-01.png,success,,0.0035
fx/ohmypi-idle-marker-01.png,fx,ohmypi,"ORIGINAL premium isometric RTS game asset for mirmicode. Subject: idle marker (fx). Faction vibe: mechanical brass-orange steel servo industrial. Three-quarter isometric camera, 30 degree elevation, facing lower-right, soft upper-left key light, crisp readable silhouette, single centered subject on 1024x1024 canvas, transparent PNG alpha background preferred, no franchise IP, no logos, no text, no watermark, production game art. Art direction: Weathered brass, dark steel and restrained orange glow; chunky riveted shells, flywheel joints, visible pistons and servo mechanisms, sturdy industrial craftsmanship. Entire subject fits within 800 by 700 pixels with nominal bottom anchor y=850; generous empty margins, no clipping. Orthographic three-quarter isometric, approximately 30 degrees elevation, clearly facing lower-right. Transparent alpha only if genuinely supported; otherwise perfectly flat solid #20242A background, no gradient, no floor, no scenery, no vignette, no background cast shadow, no checkerboard. No text, logos or watermarks.",image-01,/Users/howard/output/mirmicode/rts-art-v2/fx/ohmypi-idle-marker-01.png,success,,0.0035
fx/neutral-idle-marker-01.png,fx,neutral,"ORIGINAL premium isometric RTS game asset for mirmicode. Subject: idle marker (fx). Faction vibe: shared utility matte gray-teal no faction crest. Three-quarter isometric camera, 30 degree elevation, facing lower-right, soft upper-left key light, crisp readable silhouette, single centered subject on 1024x1024 canvas, transparent PNG alpha background preferred, no franchise IP, no logos, no text, no watermark, production game art. Art direction: Shared utilitarian matte gray-teal equipment, restrained metal materials, no faction crest or faction-specific crystal, foliage or brass ornament. Entire subject fits within 800 by 700 pixels with nominal bottom anchor y=850; generous empty margins, no clipping. Orthographic three-quarter isometric, approximately 30 degrees elevation, clearly facing lower-right. Transparent alpha only if genuinely supported; otherwise perfectly flat solid #20242A background, no gradient, no floor, no scenery, no vignette, no background cast shadow, no checkerboard. No text, logos or watermarks.",image-01,/Users/howard/output/mirmicode/rts-art-v2/fx/neutral-idle-marker-01.png,success,,0.0035
fx/cursor-work-marker-02.png,fx,cursor,"ORIGINAL premium isometric RTS game asset for mirmicode. Subject: work marker (fx). Faction vibe: angular crystalline cyan-slate sharp facets. Three-quarter isometric camera, 30 degree elevation, facing lower-right, soft upper-left key light, crisp readable silhouette, single centered subject on 1024x1024 canvas, transparent PNG alpha background preferred, no franchise IP, no logos, no text, no watermark, production game art. Art direction: Dark slate beveled armor framing luminous cyan crystal shards, angular triangular negative spaces, articulated blade-like limbs; premium tactile painted metal and crystal, not neon line art. Entire subject fits within 800 by 700 pixels with nominal bottom anchor y=850; generous empty margins, no clipping. Orthographic three-quarter isometric, approximately 30 degrees elevation, clearly facing lower-right. Transparent alpha only if genuinely supported; otherwise perfectly flat solid #20242A background, no gradient, no floor, no scenery, no vignette, no background cast shadow, no checkerboard. No text, logos or watermarks.",image-01,/Users/howard/output/mirmicode/rts-art-v2/fx/cursor-work-marker-02.png,success,,0.0035
fx/codex-work-marker-02.png,fx,codex,"ORIGINAL premium isometric RTS game asset for mirmicode. Subject: work marker (fx). Faction vibe: organic biomorphic amber-green flowing leaf forms. Three-quarter isometric camera, 30 degree elevation, facing lower-right, soft upper-left key light, crisp readable silhouette, single centered subject on 1024x1024 canvas, transparent PNG alpha background preferred, no franchise IP, no logos, no text, no watermark, production game art. Art direction: Living olive and moss-green leaf armor, pale twisting woody roots and tendrils, warm luminous amber seed core; elegant biomorphic curves and subtle leaf veins, not a metal robot painted green. Entire subject fits within 800 by 700 pixels with nominal bottom anchor y=850; generous empty margins, no clipping. Orthographic three-quarter isometric, approximately 30 degrees elevation, clearly facing lower-right. Transparent alpha only if genuinely supported; otherwise perfectly flat solid #20242A background, no gradient, no floor, no scenery, no vignette, no background cast shadow, no checkerboard. No text, logos or watermarks.",image-01,/Users/howard/output/mirmicode/rts-art-v2/fx/codex-work-marker-02.png,success,,0.0035
fx/ohmypi-work-marker-02.png,fx,ohmypi,"ORIGINAL premium isometric RTS game asset for mirmicode. Subject: work marker (fx). Faction vibe: mechanical brass-orange steel servo industrial. Three-quarter isometric camera, 30 degree elevation, facing lower-right, soft upper-left key light, crisp readable silhouette, single centered subject on 1024x1024 canvas, transparent PNG alpha background preferred, no franchise IP, no logos, no text, no watermark, production game art. Art direction: Weathered brass, dark steel and restrained orange glow; chunky riveted shells, flywheel joints, visible pistons and servo mechanisms, sturdy industrial craftsmanship. Entire subject fits within 800 by 700 pixels with nominal bottom anchor y=850; generous empty margins, no clipping. Orthographic three-quarter isometric, approximately 30 degrees elevation, clearly facing lower-right. Transparent alpha only if genuinely supported; otherwise perfectly flat solid #20242A background, no gradient, no floor, no scenery, no vignette, no background cast shadow, no checkerboard. No text, logos or watermarks.",image-01,/Users/howard/output/mirmicode/rts-art-v2/fx/ohmypi-work-marker-02.png,success,,0.0035
fx/neutral-work-marker-02.png,fx,neutral,"ORIGINAL premium isometric RTS game asset for mirmicode. Subject: work marker (fx). Faction vibe: shared utility matte gray-teal no faction crest. Three-quarter isometric camera, 30 degree elevation, facing lower-right, soft upper-left key light, crisp readable silhouette, single centered subject on 1024x1024 canvas, transparent PNG alpha background preferred, no franchise IP, no logos, no text, no watermark, production game art. Art direction: Shared utilitarian matte gray-teal equipment, restrained metal materials, no faction crest or faction-specific crystal, foliage or brass ornament. Entire subject fits within 800 by 700 pixels with nominal bottom anchor y=850; generous empty margins, no clipping. Orthographic three-quarter isometric, approximately 30 degrees elevation, clearly facing lower-right. Transparent alpha only if genuinely supported; otherwise perfectly flat solid #20242A background, no gradient, no floor, no scenery, no vignette, no background cast shadow, no checkerboard. No text, logos or watermarks.",image-01,/Users/howard/output/mirmicode/rts-art-v2/fx/neutral-work-marker-02.png,success,,0.0035
fx/cursor-blocked-marker-03.png,fx,cursor,"ORIGINAL premium isometric RTS game asset for mirmicode. Subject: blocked marker (fx). Faction vibe: angular crystalline cyan-slate sharp facets. Three-quarter isometric camera, 30 degree elevation, facing lower-right, soft upper-left key light, crisp readable silhouette, single centered subject on 1024x1024 canvas, transparent PNG alpha background preferred, no franchise IP, no logos, no text, no watermark, production game art. Art direction: Dark slate beveled armor framing luminous cyan crystal shards, angular triangular negative spaces, articulated blade-like limbs; premium tactile painted metal and crystal, not neon line art. Entire subject fits within 800 by 700 pixels with nominal bottom anchor y=850; generous empty margins, no clipping. Orthographic three-quarter isometric, approximately 30 degrees elevation, clearly facing lower-right. Transparent alpha only if genuinely supported; otherwise perfectly flat solid #20242A background, no gradient, no floor, no scenery, no vignette, no background cast shadow, no checkerboard. No text, logos or watermarks.",image-01,/Users/howard/output/mirmicode/rts-art-v2/fx/cursor-blocked-marker-03.png,success,,0.0035
fx/codex-blocked-marker-03.png,fx,codex,"ORIGINAL premium isometric RTS game asset for mirmicode. Subject: blocked marker (fx). Faction vibe: organic biomorphic amber-green flowing leaf forms. Three-quarter isometric camera, 30 degree elevation, facing lower-right, soft upper-left key light, crisp readable silhouette, single centered subject on 1024x1024 canvas, transparent PNG alpha background preferred, no franchise IP, no logos, no text, no watermark, production game art. Art direction: Living olive and moss-green leaf armor, pale twisting woody roots and tendrils, warm luminous amber seed core; elegant biomorphic curves and subtle leaf veins, not a metal robot painted green. Entire subject fits within 800 by 700 pixels with nominal bottom anchor y=850; generous empty margins, no clipping. Orthographic three-quarter isometric, approximately 30 degrees elevation, clearly facing lower-right. Transparent alpha only if genuinely supported; otherwise perfectly flat solid #20242A background, no gradient, no floor, no scenery, no vignette, no background cast shadow, no checkerboard. No text, logos or watermarks.",image-01,/Users/howard/output/mirmicode/rts-art-v2/fx/codex-blocked-marker-03.png,success,,0.0035
fx/ohmypi-blocked-marker-03.png,fx,ohmypi,"ORIGINAL premium isometric RTS game asset for mirmicode. Subject: blocked marker (fx). Faction vibe: mechanical brass-orange steel servo industrial. Three-quarter isometric camera, 30 degree elevation, facing lower-right, soft upper-left key light, crisp readable silhouette, single centered subject on 1024x1024 canvas, transparent PNG alpha background preferred, no franchise IP, no logos, no text, no watermark, production game art. Art direction: Weathered brass, dark steel and restrained orange glow; chunky riveted shells, flywheel joints, visible pistons and servo mechanisms, sturdy industrial craftsmanship. Entire subject fits within 800 by 700 pixels with nominal bottom anchor y=850; generous empty margins, no clipping. Orthographic three-quarter isometric, approximately 30 degrees elevation, clearly facing lower-right. Transparent alpha only if genuinely supported; otherwise perfectly flat solid #20242A background, no gradient, no floor, no scenery, no vignette, no background cast shadow, no checkerboard. No text, logos or watermarks.",image-01,/Users/howard/output/mirmicode/rts-art-v2/fx/ohmypi-blocked-marker-03.png,success,,0.0035
fx/neutral-blocked-marker-03.png,fx,neutral,"ORIGINAL premium isometric RTS game asset for mirmicode. Subject: blocked marker (fx). Faction vibe: shared utility matte gray-teal no faction crest. Three-quarter isometric camera, 30 degree elevation, facing lower-right, soft upper-left key light, crisp readable silhouette, single centered subject on 1024x1024 canvas, transparent PNG alpha background preferred, no franchise IP, no logos, no text, no watermark, production game art. Art direction: Shared utilitarian matte gray-teal equipment, restrained metal materials, no faction crest or faction-specific crystal, foliage or brass ornament. Entire subject fits within 800 by 700 pixels with nominal bottom anchor y=850; generous empty margins, no clipping. Orthographic three-quarter isometric, approximately 30 degrees elevation, clearly facing lower-right. Transparent alpha only if genuinely supported; otherwise perfectly flat solid #20242A background, no gradient, no floor, no scenery, no vignette, no background cast shadow, no checkerboard. No text, logos or watermarks.",image-01,/Users/howard/output/mirmicode/rts-art-v2/fx/neutral-blocked-marker-03.png,success,,0.0035
fx/cursor-select-ring-04.png,fx,cursor,"ORIGINAL premium isometric RTS game asset for mirmicode. Subject: select ring (fx). Faction vibe: angular crystalline cyan-slate sharp facets. Three-quarter isometric camera, 30 degree elevation, facing lower-right, soft upper-left key light, crisp readable silhouette, single centered subject on 1024x1024 canvas, transparent PNG alpha background preferred, no franchise IP, no logos, no text, no watermark, production game art. Art direction: Dark slate beveled armor framing luminous cyan crystal shards, angular triangular negative spaces, articulated blade-like limbs; premium tactile painted metal and crystal, not neon line art. Entire subject fits within 800 by 700 pixels with nominal bottom anchor y=850; generous empty margins, no clipping. Orthographic three-quarter isometric, approximately 30 degrees elevation, clearly facing lower-right. Transparent alpha only if genuinely supported; otherwise perfectly flat solid #20242A background, no gradient, no floor, no scenery, no vignette, no background cast shadow, no checkerboard. No text, logos or watermarks.",image-01,/Users/howard/output/mirmicode/rts-art-v2/fx/cursor-select-ring-04.png,success,,0.0035
fx/codex-select-ring-04.png,fx,codex,"ORIGINAL premium isometric RTS game asset for mirmicode. Subject: select ring (fx). Faction vibe: organic biomorphic amber-green flowing leaf forms. Three-quarter isometric camera, 30 degree elevation, facing lower-right, soft upper-left key light, crisp readable silhouette, single centered subject on 1024x1024 canvas, transparent PNG alpha background preferred, no franchise IP, no logos, no text, no watermark, production game art. Art direction: Living olive and moss-green leaf armor, pale twisting woody roots and tendrils, warm luminous amber seed core; elegant biomorphic curves and subtle leaf veins, not a metal robot painted green. Entire subject fits within 800 by 700 pixels with nominal bottom anchor y=850; generous empty margins, no clipping. Orthographic three-quarter isometric, approximately 30 degrees elevation, clearly facing lower-right. Transparent alpha only if genuinely supported; otherwise perfectly flat solid #20242A background, no gradient, no floor, no scenery, no vignette, no background cast shadow, no checkerboard. No text, logos or watermarks.",image-01,/Users/howard/output/mirmicode/rts-art-v2/fx/codex-select-ring-04.png,success,,0.0035
fx/ohmypi-select-ring-04.png,fx,ohmypi,"ORIGINAL premium isometric RTS game asset for mirmicode. Subject: select ring (fx). Faction vibe: mechanical brass-orange steel servo industrial. Three-quarter isometric camera, 30 degree elevation, facing lower-right, soft upper-left key light, crisp readable silhouette, single centered subject on 1024x1024 canvas, transparent PNG alpha background preferred, no franchise IP, no logos, no text, no watermark, production game art. Art direction: Weathered brass, dark steel and restrained orange glow; chunky riveted shells, flywheel joints, visible pistons and servo mechanisms, sturdy industrial craftsmanship. Entire subject fits within 800 by 700 pixels with nominal bottom anchor y=850; generous empty margins, no clipping. Orthographic three-quarter isometric, approximately 30 degrees elevation, clearly facing lower-right. Transparent alpha only if genuinely supported; otherwise perfectly flat solid #20242A background, no gradient, no floor, no scenery, no vignette, no background cast shadow, no checkerboard. No text, logos or watermarks.",image-01,/Users/howard/output/mirmicode/rts-art-v2/fx/ohmypi-select-ring-04.png,success,,0.0035
fx/neutral-select-ring-04.png,fx,neutral,"ORIGINAL premium isometric RTS game asset for mirmicode. Subject: select ring (fx). Faction vibe: shared utility matte gray-teal no faction crest. Three-quarter isometric camera, 30 degree elevation, facing lower-right, soft upper-left key light, crisp readable silhouette, single centered subject on 1024x1024 canvas, transparent PNG alpha background preferred, no franchise IP, no logos, no text, no watermark, production game art. Art direction: Shared utilitarian matte gray-teal equipment, restrained metal materials, no faction crest or faction-specific crystal, foliage or brass ornament. Entire subject fits within 800 by 700 pixels with nominal bottom anchor y=850; generous empty margins, no clipping. Orthographic three-quarter isometric, approximately 30 degrees elevation, clearly facing lower-right. Transparent alpha only if genuinely supported; otherwise perfectly flat solid #20242A background, no gradient, no floor, no scenery, no vignette, no background cast shadow, no checkerboard. No text, logos or watermarks.",image-01,/Users/howard/output/mirmicode/rts-art-v2/fx/neutral-select-ring-04.png,success,,0.0035
fx/cursor-damage-flash-05.png,fx,cursor,"ORIGINAL premium isometric RTS game asset for mirmicode. Subject: damage flash (fx). Faction vibe: angular crystalline cyan-slate sharp facets. Three-quarter isometric camera, 30 degree elevation, facing lower-right, soft upper-left key light, crisp readable silhouette, single centered subject on 1024x1024 canvas, transparent PNG alpha background preferred, no franchise IP, no logos, no text, no watermark, production game art. Art direction: Dark slate beveled armor framing luminous cyan crystal shards, angular triangular negative spaces, articulated blade-like limbs; premium tactile painted metal and crystal, not neon line art. Entire subject fits within 800 by 700 pixels with nominal bottom anchor y=850; generous empty margins, no clipping. Orthographic three-quarter isometric, approximately 30 degrees elevation, clearly facing lower-right. Transparent alpha only if genuinely supported; otherwise perfectly flat solid #20242A background, no gradient, no floor, no scenery, no vignette, no background cast shadow, no checkerboard. No text, logos or watermarks.",image-01,/Users/howard/output/mirmicode/rts-art-v2/fx/cursor-damage-flash-05.png,success,,0.0035
fx/codex-damage-flash-05.png,fx,codex,"ORIGINAL premium isometric RTS game asset for mirmicode. Subject: damage flash (fx). Faction vibe: organic biomorphic amber-green flowing leaf forms. Three-quarter isometric camera, 30 degree elevation, facing lower-right, soft upper-left key light, crisp readable silhouette, single centered subject on 1024x1024 canvas, transparent PNG alpha background preferred, no franchise IP, no logos, no text, no watermark, production game art. Art direction: Living olive and moss-green leaf armor, pale twisting woody roots and tendrils, warm luminous amber seed core; elegant biomorphic curves and subtle leaf veins, not a metal robot painted green. Entire subject fits within 800 by 700 pixels with nominal bottom anchor y=850; generous empty margins, no clipping. Orthographic three-quarter isometric, approximately 30 degrees elevation, clearly facing lower-right. Transparent alpha only if genuinely supported; otherwise perfectly flat solid #20242A background, no gradient, no floor, no scenery, no vignette, no background cast shadow, no checkerboard. No text, logos or watermarks.",image-01,/Users/howard/output/mirmicode/rts-art-v2/fx/codex-damage-flash-05.png,success,,0.0035
fx/ohmypi-damage-flash-05.png,fx,ohmypi,"ORIGINAL premium isometric RTS game asset for mirmicode. Subject: damage flash (fx). Faction vibe: mechanical brass-orange steel servo industrial. Three-quarter isometric camera, 30 degree elevation, facing lower-right, soft upper-left key light, crisp readable silhouette, single centered subject on 1024x1024 canvas, transparent PNG alpha background preferred, no franchise IP, no logos, no text, no watermark, production game art. Art direction: Weathered brass, dark steel and restrained orange glow; chunky riveted shells, flywheel joints, visible pistons and servo mechanisms, sturdy industrial craftsmanship. Entire subject fits within 800 by 700 pixels with nominal bottom anchor y=850; generous empty margins, no clipping. Orthographic three-quarter isometric, approximately 30 degrees elevation, clearly facing lower-right. Transparent alpha only if genuinely supported; otherwise perfectly flat solid #20242A background, no gradient, no floor, no scenery, no vignette, no background cast shadow, no checkerboard. No text, logos or watermarks.",image-01,/Users/howard/output/mirmicode/rts-art-v2/fx/ohmypi-damage-flash-05.png,success,,0.0035
fx/neutral-damage-flash-05.png,fx,neutral,"ORIGINAL premium isometric RTS game asset for mirmicode. Subject: damage flash (fx). Faction vibe: shared utility matte gray-teal no faction crest. Three-quarter isometric camera, 30 degree elevation, facing lower-right, soft upper-left key light, crisp readable silhouette, single centered subject on 1024x1024 canvas, transparent PNG alpha background preferred, no franchise IP, no logos, no text, no watermark, production game art. Art direction: Shared utilitarian matte gray-teal equipment, restrained metal materials, no faction crest or faction-specific crystal, foliage or brass ornament. Entire subject fits within 800 by 700 pixels with nominal bottom anchor y=850; generous empty margins, no clipping. Orthographic three-quarter isometric, approximately 30 degrees elevation, clearly facing lower-right. Transparent alpha only if genuinely supported; otherwise perfectly flat solid #20242A background, no gradient, no floor, no scenery, no vignette, no background cast shadow, no checkerboard. No text, logos or watermarks.",image-01,/Users/howard/output/mirmicode/rts-art-v2/fx/neutral-damage-flash-05.png,success,,0.0035
fx/cursor-heal-pulse-06.png,fx,cursor,"ORIGINAL premium isometric RTS game asset for mirmicode. Subject: heal pulse (fx). Faction vibe: angular crystalline cyan-slate sharp facets. Three-quarter isometric camera, 30 degree elevation, facing lower-right, soft upper-left key light, crisp readable silhouette, single centered subject on 1024x1024 canvas, transparent PNG alpha background preferred, no franchise IP, no logos, no text, no watermark, production game art. Art direction: Dark slate beveled armor framing luminous cyan crystal shards, angular triangular negative spaces, articulated blade-like limbs; premium tactile painted metal and crystal, not neon line art. Entire subject fits within 800 by 700 pixels with nominal bottom anchor y=850; generous empty margins, no clipping. Orthographic three-quarter isometric, approximately 30 degrees elevation, clearly facing lower-right. Transparent alpha only if genuinely supported; otherwise perfectly flat solid #20242A background, no gradient, no floor, no scenery, no vignette, no background cast shadow, no checkerboard. No text, logos or watermarks.",image-01,/Users/howard/output/mirmicode/rts-art-v2/fx/cursor-heal-pulse-06.png,success,,0.0035
fx/codex-heal-pulse-06.png,fx,codex,"ORIGINAL premium isometric RTS game asset for mirmicode. Subject: heal pulse (fx). Faction vibe: organic biomorphic amber-green flowing leaf forms. Three-quarter isometric camera, 30 degree elevation, facing lower-right, soft upper-left key light, crisp readable silhouette, single centered subject on 1024x1024 canvas, transparent PNG alpha background preferred, no franchise IP, no logos, no text, no watermark, production game art. Art direction: Living olive and moss-green leaf armor, pale twisting woody roots and tendrils, warm luminous amber seed core; elegant biomorphic curves and subtle leaf veins, not a metal robot painted green. Entire subject fits within 800 by 700 pixels with nominal bottom anchor y=850; generous empty margins, no clipping. Orthographic three-quarter isometric, approximately 30 degrees elevation, clearly facing lower-right. Transparent alpha only if genuinely supported; otherwise perfectly flat solid #20242A background, no gradient, no floor, no scenery, no vignette, no background cast shadow, no checkerboard. No text, logos or watermarks.",image-01,/Users/howard/output/mirmicode/rts-art-v2/fx/codex-heal-pulse-06.png,success,,0.0035
fx/ohmypi-heal-pulse-06.png,fx,ohmypi,"ORIGINAL premium isometric RTS game asset for mirmicode. Subject: heal pulse (fx). Faction vibe: mechanical brass-orange steel servo industrial. Three-quarter isometric camera, 30 degree elevation, facing lower-right, soft upper-left key light, crisp readable silhouette, single centered subject on 1024x1024 canvas, transparent PNG alpha background preferred, no franchise IP, no logos, no text, no watermark, production game art. Art direction: Weathered brass, dark steel and restrained orange glow; chunky riveted shells, flywheel joints, visible pistons and servo mechanisms, sturdy industrial craftsmanship. Entire subject fits within 800 by 700 pixels with nominal bottom anchor y=850; generous empty margins, no clipping. Orthographic three-quarter isometric, approximately 30 degrees elevation, clearly facing lower-right. Transparent alpha only if genuinely supported; otherwise perfectly flat solid #20242A background, no gradient, no floor, no scenery, no vignette, no background cast shadow, no checkerboard. No text, logos or watermarks.",image-01,/Users/howard/output/mirmicode/rts-art-v2/fx/ohmypi-heal-pulse-06.png,success,,0.0035
fx/neutral-heal-pulse-06.png,fx,neutral,"ORIGINAL premium isometric RTS game asset for mirmicode. Subject: heal pulse (fx). Faction vibe: shared utility matte gray-teal no faction crest. Three-quarter isometric camera, 30 degree elevation, facing lower-right, soft upper-left key light, crisp readable silhouette, single centered subject on 1024x1024 canvas, transparent PNG alpha background preferred, no franchise IP, no logos, no text, no watermark, production game art. Art direction: Shared utilitarian matte gray-teal equipment, restrained metal materials, no faction crest or faction-specific crystal, foliage or brass ornament. Entire subject fits within 800 by 700 pixels with nominal bottom anchor y=850; generous empty margins, no clipping. Orthographic three-quarter isometric, approximately 30 degrees elevation, clearly facing lower-right. Transparent alpha only if genuinely supported; otherwise perfectly flat solid #20242A background, no gradient, no floor, no scenery, no vignette, no background cast shadow, no checkerboard. No text, logos or watermarks.",image-01,/Users/howard/output/mirmicode/rts-art-v2/fx/neutral-heal-pulse-06.png,success,,0.0035
fx/cursor-ping-07.png,fx,cursor,"ORIGINAL premium isometric RTS game asset for mirmicode. Subject: ping (fx). Faction vibe: angular crystalline cyan-slate sharp facets. Three-quarter isometric camera, 30 degree elevation, facing lower-right, soft upper-left key light, crisp readable silhouette, single centered subject on 1024x1024 canvas, transparent PNG alpha background preferred, no franchise IP, no logos, no text, no watermark, production game art. Art direction: Dark slate beveled armor framing luminous cyan crystal shards, angular triangular negative spaces, articulated blade-like limbs; premium tactile painted metal and crystal, not neon line art. Entire subject fits within 800 by 700 pixels with nominal bottom anchor y=850; generous empty margins, no clipping. Orthographic three-quarter isometric, approximately 30 degrees elevation, clearly facing lower-right. Transparent alpha only if genuinely supported; otherwise perfectly flat solid #20242A background, no gradient, no floor, no scenery, no vignette, no background cast shadow, no checkerboard. No text, logos or watermarks.",image-01,/Users/howard/output/mirmicode/rts-art-v2/fx/cursor-ping-07.png,success,,0.0035
fx/codex-ping-07.png,fx,codex,"ORIGINAL premium isometric RTS game asset for mirmicode. Subject: ping (fx). Faction vibe: organic biomorphic amber-green flowing leaf forms. Three-quarter isometric camera, 30 degree elevation, facing lower-right, soft upper-left key light, crisp readable silhouette, single centered subject on 1024x1024 canvas, transparent PNG alpha background preferred, no franchise IP, no logos, no text, no watermark, production game art. Art direction: Living olive and moss-green leaf armor, pale twisting woody roots and tendrils, warm luminous amber seed core; elegant biomorphic curves and subtle leaf veins, not a metal robot painted green. Entire subject fits within 800 by 700 pixels with nominal bottom anchor y=850; generous empty margins, no clipping. Orthographic three-quarter isometric, approximately 30 degrees elevation, clearly facing lower-right. Transparent alpha only if genuinely supported; otherwise perfectly flat solid #20242A background, no gradient, no floor, no scenery, no vignette, no background cast shadow, no checkerboard. No text, logos or watermarks.",image-01,/Users/howard/output/mirmicode/rts-art-v2/fx/codex-ping-07.png,success,,0.0035
fx/ohmypi-ping-07.png,fx,ohmypi,"ORIGINAL premium isometric RTS game asset for mirmicode. Subject: ping (fx). Faction vibe: mechanical brass-orange steel servo industrial. Three-quarter isometric camera, 30 degree elevation, facing lower-right, soft upper-left key light, crisp readable silhouette, single centered subject on 1024x1024 canvas, transparent PNG alpha background preferred, no franchise IP, no logos, no text, no watermark, production game art. Art direction: Weathered brass, dark steel and restrained orange glow; chunky riveted shells, flywheel joints, visible pistons and servo mechanisms, sturdy industrial craftsmanship. Entire subject fits within 800 by 700 pixels with nominal bottom anchor y=850; generous empty margins, no clipping. Orthographic three-quarter isometric, approximately 30 degrees elevation, clearly facing lower-right. Transparent alpha only if genuinely supported; otherwise perfectly flat solid #20242A background, no gradient, no floor, no scenery, no vignette, no background cast shadow, no checkerboard. No text, logos or watermarks.",image-01,/Users/howard/output/mirmicode/rts-art-v2/fx/ohmypi-ping-07.png,success,,0.0035
fx/neutral-ping-07.png,fx,neutral,"ORIGINAL premium isometric RTS game asset for mirmicode. Subject: ping (fx). Faction vibe: shared utility matte gray-teal no faction crest. Three-quarter isometric camera, 30 degree elevation, facing lower-right, soft upper-left key light, crisp readable silhouette, single centered subject on 1024x1024 canvas, transparent PNG alpha background preferred, no franchise IP, no logos, no text, no watermark, production game art. Art direction: Shared utilitarian matte gray-teal equipment, restrained metal materials, no faction crest or faction-specific crystal, foliage or brass ornament. Entire subject fits within 800 by 700 pixels with nominal bottom anchor y=850; generous empty margins, no clipping. Orthographic three-quarter isometric, approximately 30 degrees elevation, clearly facing lower-right. Transparent alpha only if genuinely supported; otherwise perfectly flat solid #20242A background, no gradient, no floor, no scenery, no vignette, no background cast shadow, no checkerboard. No text, logos or watermarks.",image-01,/Users/howard/output/mirmicode/rts-art-v2/fx/neutral-ping-07.png,success,,0.0035
fx/cursor-waypoint-08.png,fx,cursor,"ORIGINAL premium isometric RTS game asset for mirmicode. Subject: waypoint (fx). Faction vibe: angular crystalline cyan-slate sharp facets. Three-quarter isometric camera, 30 degree elevation, facing lower-right, soft upper-left key light, crisp readable silhouette, single centered subject on 1024x1024 canvas, transparent PNG alpha background preferred, no franchise IP, no logos, no text, no watermark, production game art. Art direction: Dark slate beveled armor framing luminous cyan crystal shards, angular triangular negative spaces, articulated blade-like limbs; premium tactile painted metal and crystal, not neon line art. Entire subject fits within 800 by 700 pixels with nominal bottom anchor y=850; generous empty margins, no clipping. Orthographic three-quarter isometric, approximately 30 degrees elevation, clearly facing lower-right. Transparent alpha only if genuinely supported; otherwise perfectly flat solid #20242A background, no gradient, no floor, no scenery, no vignette, no background cast shadow, no checkerboard. No text, logos or watermarks.",image-01,/Users/howard/output/mirmicode/rts-art-v2/fx/cursor-waypoint-08.png,success,,0.0035
fx/codex-waypoint-08.png,fx,codex,"ORIGINAL premium isometric RTS game asset for mirmicode. Subject: waypoint (fx). Faction vibe: organic biomorphic amber-green flowing leaf forms. Three-quarter isometric camera, 30 degree elevation, facing lower-right, soft upper-left key light, crisp readable silhouette, single centered subject on 1024x1024 canvas, transparent PNG alpha background preferred, no franchise IP, no logos, no text, no watermark, production game art. Art direction: Living olive and moss-green leaf armor, pale twisting woody roots and tendrils, warm luminous amber seed core; elegant biomorphic curves and subtle leaf veins, not a metal robot painted green. Entire subject fits within 800 by 700 pixels with nominal bottom anchor y=850; generous empty margins, no clipping. Orthographic three-quarter isometric, approximately 30 degrees elevation, clearly facing lower-right. Transparent alpha only if genuinely supported; otherwise perfectly flat solid #20242A background, no gradient, no floor, no scenery, no vignette, no background cast shadow, no checkerboard. No text, logos or watermarks.",image-01,/Users/howard/output/mirmicode/rts-art-v2/fx/codex-waypoint-08.png,success,,0.0035
fx/ohmypi-waypoint-08.png,fx,ohmypi,"ORIGINAL premium isometric RTS game asset for mirmicode. Subject: waypoint (fx). Faction vibe: mechanical brass-orange steel servo industrial. Three-quarter isometric camera, 30 degree elevation, facing lower-right, soft upper-left key light, crisp readable silhouette, single centered subject on 1024x1024 canvas, transparent PNG alpha background preferred, no franchise IP, no logos, no text, no watermark, production game art. Art direction: Weathered brass, dark steel and restrained orange glow; chunky riveted shells, flywheel joints, visible pistons and servo mechanisms, sturdy industrial craftsmanship. Entire subject fits within 800 by 700 pixels with nominal bottom anchor y=850; generous empty margins, no clipping. Orthographic three-quarter isometric, approximately 30 degrees elevation, clearly facing lower-right. Transparent alpha only if genuinely supported; otherwise perfectly flat solid #20242A background, no gradient, no floor, no scenery, no vignette, no background cast shadow, no checkerboard. No text, logos or watermarks.",image-01,/Users/howard/output/mirmicode/rts-art-v2/fx/ohmypi-waypoint-08.png,success,,0.0035
fx/neutral-waypoint-08.png,fx,neutral,"ORIGINAL premium isometric RTS game asset for mirmicode. Subject: waypoint (fx). Faction vibe: shared utility matte gray-teal no faction crest. Three-quarter isometric camera, 30 degree elevation, facing lower-right, soft upper-left key light, crisp readable silhouette, single centered subject on 1024x1024 canvas, transparent PNG alpha background preferred, no franchise IP, no logos, no text, no watermark, production game art. Art direction: Shared utilitarian matte gray-teal equipment, restrained metal materials, no faction crest or faction-specific crystal, foliage or brass ornament. Entire subject fits within 800 by 700 pixels with nominal bottom anchor y=850; generous empty margins, no clipping. Orthographic three-quarter isometric, approximately 30 degrees elevation, clearly facing lower-right. Transparent alpha only if genuinely supported; otherwise perfectly flat solid #20242A background, no gradient, no floor, no scenery, no vignette, no background cast shadow, no checkerboard. No text, logos or watermarks.",image-01,/Users/howard/output/mirmicode/rts-art-v2/fx/neutral-waypoint-08.png,success,,0.0035
ui/neutral-panel-corner-01.png,ui,neutral,"ORIGINAL premium isometric RTS game asset for mirmicode. Subject: panel corner (ui). Faction vibe: shared utility matte gray-teal no faction crest. Three-quarter isometric camera, 30 degree elevation, facing lower-right, soft upper-left key light, crisp readable silhouette, single centered subject on 1024x1024 canvas, transparent PNG alpha background preferred, no franchise IP, no logos, no text, no watermark, production game art. Art direction: Shared utilitarian matte gray-teal equipment, restrained metal materials, no faction crest or faction-specific crystal, foliage or brass ornament. Entire subject fits within 800 by 700 pixels with nominal bottom anchor y=850; generous empty margins, no clipping. Orthographic three-quarter isometric, approximately 30 degrees elevation, clearly facing lower-right. Transparent alpha only if genuinely supported; otherwise perfectly flat solid #20242A background, no gradient, no floor, no scenery, no vignette, no background cast shadow, no checkerboard. No text, logos or watermarks.",image-01,/Users/howard/output/mirmicode/rts-art-v2/ui/neutral-panel-corner-01.png,success,,0.0035
ui/neutral-button-plate-02.png,ui,neutral,"ORIGINAL premium isometric RTS game asset for mirmicode. Subject: button plate (ui). Faction vibe: shared utility matte gray-teal no faction crest. Three-quarter isometric camera, 30 degree elevation, facing lower-right, soft upper-left key light, crisp readable silhouette, single centered subject on 1024x1024 canvas, transparent PNG alpha background preferred, no franchise IP, no logos, no text, no watermark, production game art. Art direction: Shared utilitarian matte gray-teal equipment, restrained metal materials, no faction crest or faction-specific crystal, foliage or brass ornament. Entire subject fits within 800 by 700 pixels with nominal bottom anchor y=850; generous empty margins, no clipping. Orthographic three-quarter isometric, approximately 30 degrees elevation, clearly facing lower-right. Transparent alpha only if genuinely supported; otherwise perfectly flat solid #20242A background, no gradient, no floor, no scenery, no vignette, no background cast shadow, no checkerboard. No text, logos or watermarks.",image-01,/Users/howard/output/mirmicode/rts-art-v2/ui/neutral-button-plate-02.png,success,,0.0035
ui/neutral-resource-pip-03.png,ui,neutral,"ORIGINAL premium isometric RTS game asset for mirmicode. Subject: resource pip (ui). Faction vibe: shared utility matte gray-teal no faction crest. Three-quarter isometric camera, 30 degree elevation, facing lower-right, soft upper-left key light, crisp readable silhouette, single centered subject on 1024x1024 canvas, transparent PNG alpha background preferred, no franchise IP, no logos, no text, no watermark, production game art. Art direction: Shared utilitarian matte gray-teal equipment, restrained metal materials, no faction crest or faction-specific crystal, foliage or brass ornament. Entire subject fits within 800 by 700 pixels with nominal bottom anchor y=850; generous empty margins, no clipping. Orthographic three-quarter isometric, approximately 30 degrees elevation, clearly facing lower-right. Transparent alpha only if genuinely supported; otherwise perfectly flat solid #20242A background, no gradient, no floor, no scenery, no vignette, no background cast shadow, no checkerboard. No text, logos or watermarks.",image-01,/Users/howard/output/mirmicode/rts-art-v2/ui/neutral-resource-pip-03.png,success,,0.0035
ui/neutral-alert-badge-04.png,ui,neutral,"ORIGINAL premium isometric RTS game asset for mirmicode. Subject: alert badge (ui). Faction vibe: shared utility matte gray-teal no faction crest. Three-quarter isometric camera, 30 degree elevation, facing lower-right, soft upper-left key light, crisp readable silhouette, single centered subject on 1024x1024 canvas, transparent PNG alpha background preferred, no franchise IP, no logos, no text, no watermark, production game art. Art direction: Shared utilitarian matte gray-teal equipment, restrained metal materials, no faction crest or faction-specific crystal, foliage or brass ornament. Entire subject fits within 800 by 700 pixels with nominal bottom anchor y=850; generous empty margins, no clipping. Orthographic three-quarter isometric, approximately 30 degrees elevation, clearly facing lower-right. Transparent alpha only if genuinely supported; otherwise perfectly flat solid #20242A background, no gradient, no floor, no scenery, no vignette, no background cast shadow, no checkerboard. No text, logos or watermarks.",image-01,/Users/howard/output/mirmicode/rts-art-v2/ui/neutral-alert-badge-04.png,success,,0.0035
ui/neutral-minimap-pip-05.png,ui,neutral,"ORIGINAL premium isometric RTS game asset for mirmicode. Subject: minimap pip (ui). Faction vibe: shared utility matte gray-teal no faction crest. Three-quarter isometric camera, 30 degree elevation, facing lower-right, soft upper-left key light, crisp readable silhouette, single centered subject on 1024x1024 canvas, transparent PNG alpha background preferred, no franchise IP, no logos, no text, no watermark, production game art. Art direction: Shared utilitarian matte gray-teal equipment, restrained metal materials, no faction crest or faction-specific crystal, foliage or brass ornament. Entire subject fits within 800 by 700 pixels with nominal bottom anchor y=850; generous empty margins, no clipping. Orthographic three-quarter isometric, approximately 30 degrees elevation, clearly facing lower-right. Transparent alpha only if genuinely supported; otherwise perfectly flat solid #20242A background, no gradient, no floor, no scenery, no vignette, no background cast shadow, no checkerboard. No text, logos or watermarks.",image-01,/Users/howard/output/mirmicode/rts-art-v2/ui/neutral-minimap-pip-05.png,success,,0.0035
ui/neutral-progress-wedge-06.png,ui,neutral,"ORIGINAL premium isometric RTS game asset for mirmicode. Subject: progress wedge (ui). Faction vibe: shared utility matte gray-teal no faction crest. Three-quarter isometric camera, 30 degree elevation, facing lower-right, soft upper-left key light, crisp readable silhouette, single centered subject on 1024x1024 canvas, transparent PNG alpha background preferred, no franchise IP, no logos, no text, no watermark, production game art. Art direction: Shared utilitarian matte gray-teal equipment, restrained metal materials, no faction crest or faction-specific crystal, foliage or brass ornament. Entire subject fits within 800 by 700 pixels with nominal bottom anchor y=850; generous empty margins, no clipping. Orthographic three-quarter isometric, approximately 30 degrees elevation, clearly facing lower-right. Transparent alpha only if genuinely supported; otherwise perfectly flat solid #20242A background, no gradient, no floor, no scenery, no vignette, no background cast shadow, no checkerboard. No text, logos or watermarks.",image-01,/Users/howard/output/mirmicode/rts-art-v2/ui/neutral-progress-wedge-06.png,success,,0.0035
